time_s,ip_meas_A,dip_dt_A_s,v_loop_V,v_ind_V,v_res_V,v_res_efit_flux_V,li_3,w_mhd_J,dwdt_W,p_ohm_W,p_net_W,tau_e_net_s
0.316,78542.94658459691,2501971.738336688,2.604982652111365,0.8452140067257856,1.7597686453855794,1.7559906899818112,0.4181079434721413,217.22306285051837,6187.904173381688,138217.414715768,132029.51054238633,0.0016452614416137049
0.317,80628.47624611457,1313323.7768471753,2.3795277989337396,0.6402194964785568,1.7393083024551828,1.7432032950879779,0.47710510416272034,223.41096702390007,8068.195906784569,140237.77814917755,132169.582242393,0.00169033572803593
0.318,80747.82190762187,-93.91547760042438,2.1245062198527545,0.4237924782389468,1.7007137416138076,1.6050685575882615,0.5133973027795946,233.35945466408765,-2070.266438215586,137328.93032367696,139399.19676189256,0.0016740372978094587
0.319,81462.60772291709,620607.5844946604,1.7610171786409414,0.4355924157150602,1.3254247629258813,1.4151320227098818,0.5606375076400231,219.27043414746896,-2502.39560554731,107972.55752847146,110474.95313401877,0.0019847977114004186
0.32,81205.68261518449,-804829.1846570686,1.4766818989591266,0.08698272572685964,1.389699173232267,1.276915817656998,0.5814153200116416,228.35466345299307,7478.343448215887,112851.46999208376,105373.12654386787,0.0021671053231767474
0.321,79637.15181517367,-2685940.223199566,1.1494778708640097,-0.047616600579016066,1.1970944714430258,1.082650359621042,0.600734863431515,234.22712104390078,-5131.98148766147,95333.19415941332,100465.1756470748,0.002331425984529403
0.322,75066.44039976942,-5299036.761601075,0.8652703731911655,-0.2430519546878056,1.1083223278789711,0.8785257324791987,0.6529436188935261,218.09070047767028,-19072.658098976775,83197.81196946048,102270.47006843725,0.002132489469655596
0.323,68939.70083053854,-7172201.607787804,0.5673775069814674,-1.1098401951727006,1.6772177021541679,1.4081262742961103,0.733571812996504,196.08180484594732,-6773.711629791704,115626.88661419162,122400.59824398333,0.001601967699987004
0.324,49343.88449281569,-30930534.221938506,0.6279377168486078,-5.731334372375777,6.359272089224385,3.147048754919566,0.7019958253186298,204.54327721808693,-64270.94219710259,313791.1874290748,378062.12962617737,0.000541030854955868
0.325,35574.6076919995,-8431469.376921132,0.06662943217398663,-1.6213092876950097,1.6879387198689964,6.10858940746561,0.645119190391546,67.53992045174212,-137003.35676634466,60047.75776747539,197051.11453382004,0.00034275330343361336
