machine,record_id,shot,time_s,regime,i_p_A,b_t_T,n_e_line_avg_m3,p_loss_W,w_th_J,tau_e_th_s,r_geo_m,a_m,epsilon,kappa,kappa_area,delta,m_eff_amu,selected,time_efit_s,efit_lineage,efit_quality,ts_status,thomson_consistent,paired_electron_kinetic,ip_efit_A,dip_dt_A_s,v_loop_V,v_ind_V,v_res_V,r_p_ohm,n_labelled_slices,w_kin_status,li_3,beta_normal,w_mhd_J,w_kin_J,w_e_ts_J,dwdt_W,p_ohm_W,p_net_W,p_rad_W,p_transport_W,tau_e_kin_s,p_ohm_efit_flux_W,v_res_efit_flux_V,p_ohm_spitzer_W,ip_rate_1_s,ip_change_per_tau,dwdt_fraction,rule_finite,rule_ip_min,rule_dwdt_fraction,rule_ip_change_per_tau,accepted,quality_status,quality_reason
VEST,VEST:39906:319,39906,0.319,ohmic,60216.7,0.179848,,101796,139.951,0.00137482,0.376924,0.271772,0.721026,1.61055,1.48304,0.310356,1,True,0.319,magnetics,good,unmatched,,False,63861.7,-5.00419e+06,1.81706,0.291341,1.52572,2.53371e-05,4,no_kinetic_state,0.372697,0.72215,139.951,,,-9922.55,91873.6,101796,,,,84509.1,1.40342,86856.3,83.103,0.114252,0.108002,True,True,True,True,True,evaluated,
VEST,VEST:39906:320,39906,0.32,ohmic,55637.2,0.183442,5.16705e+18,89942.2,130.029,0.00144569,0.369494,0.264491,0.715819,1.50148,1.40023,0.290807,1,True,0.32,magnetics,admissible,matched,True,True,59670.6,-4.08216e+06,1.48998,0.163021,1.32696,2.38502e-05,4,evaluated,0.473143,0.797116,130.029,91.4051,45.1988,-16113.7,73828.5,89942.2,,,0.00101627,76343.5,1.37217,86856.3,73.3711,0.106072,0.218259,True,True,True,True,True,evaluated,
VEST,VEST:39906:321,39906,0.321,ohmic,51937.7,0.193193,6.99728e+18,52857.1,107.724,0.00203802,0.350716,0.245716,0.700613,1.42964,1.35671,0.291453,1,True,0.321,magnetics,admissible,matched,True,False,54436.7,-2.44429e+06,1.13463,0.449426,0.685203,1.31928e-05,4,no_kinetic_state,0.558191,0.846948,107.724,,64.4996,-17269.2,35587.9,52857.1,,,,46417.4,0.893712,86856.3,47.062,0.0959133,0.485255,True,True,True,True,True,evaluated,
VEST,VEST:39906:322,39906,0.322,ohmic,47761,0.194173,7.47131e+18,47826.9,95.4903,0.00199658,0.348813,0.243806,0.698958,1.35001,1.28255,0.249079,1,True,0.322,magnetics,admissible,matched,True,False,52049.2,-4.60909e+06,0.862688,0.117447,0.745241,1.56036e-05,4,no_kinetic_state,0.715941,0.840295,95.4903,,64.8878,-12233.5,35593.4,47826.9,,,,18499.6,0.387336,86856.3,96.5033,0.192677,0.343701,True,True,True,True,True,evaluated,
VEST,VEST:39915:315,39915,0.315,ohmic,82256.8,0.142182,3.8749e+18,176895,220.104,0.00124427,0.42171,0.316697,0.750983,1.77558,1.53119,0.421931,1,True,0.315,magnetics,admissible,matched,True,False,83558.6,-1.00441e+06,2.82566,0.822338,2.00332,2.43545e-05,10,no_kinetic_state,0.357081,0.727283,220.104,,24.2546,-12108,164787,176895,,,,184552,2.2436,1.0927e+06,12.2107,0.0151934,0.0734769,True,True,True,True,True,evaluated,
VEST,VEST:39915:316,39915,0.316,ohmic,79796.9,0.144016,4.15001e+18,170243,207.996,0.00122176,0.415416,0.310416,0.747241,1.60707,1.42153,0.381249,1,True,0.316,magnetics,admissible,matched,True,True,79080.5,-1.36807e+06,2.65095,0.52349,2.12746,2.66609e-05,10,evaluated,0.445357,0.814047,207.996,209.505,96.6757,-478.06,169765,170243,,,0.00123062,167477,2.0988,55474.8,17.1444,0.0209464,0.00281601,True,True,True,True,True,evaluated,
VEST,VEST:39915:317,39915,0.317,ohmic,80317.8,0.147689,5.76522e+18,131557,219.148,0.00166581,0.404926,0.299923,0.740686,1.55413,1.40807,0.359611,1,True,0.317,magnetics,good,matched,True,False,78239.7,1.1381e+06,2.37527,0.476028,1.89924,2.36466e-05,10,no_kinetic_state,0.492033,0.929521,219.148,,103.38,20986.1,152543,131557,,,,167214,2.0819,67876.5,14.1699,0.0236044,0.137575,True,True,True,True,True,evaluated,
VEST,VEST:39915:318,39915,0.318,ohmic,79663.1,0.14701,,167977,249.968,0.00148811,0.407973,0.302965,0.742611,1.53719,1.38509,0.366058,1,True,0.318,magnetics,good,unmatched,,False,81147.1,-2.92463e+06,2.17151,-0.0820656,2.25357,2.82888e-05,10,no_kinetic_state,0.511797,1.01805,249.968,,,11549.8,179527,167977,,,,162986,2.04594,9.7715e+06,36.7125,0.0546324,0.0643349,True,True,True,True,True,evaluated,
VEST,VEST:39915:319,39915,0.319,ohmic,79041.8,0.149798,,109425,242.248,0.00221382,0.400222,0.295216,0.737631,1.50278,1.37173,0.303761,1,True,0.319,magnetics,good,unmatched,,False,79169.8,446061,1.80492,0.374657,1.43026,1.8095e-05,10,no_kinetic_state,0.550795,1.06843,242.248,,,3625.35,113050,109425,,,,125911,1.59296,9.7715e+06,5.64335,0.0124934,0.0320684,True,True,True,True,True,evaluated,
VEST,VEST:39915:320,39915,0.32,ohmic,78611.4,0.149452,,115344,257.219,0.00223001,0.400432,0.295425,0.737766,1.47684,1.34752,0.304256,1,True,0.32,magnetics,good,unmatched,,False,80242.6,-2.14108e+06,1.49837,0.124004,1.37437,1.74831e-05,10,no_kinetic_state,0.574803,1.13991,257.219,,,-7303.1,108041,115344,,,,94178.3,1.19802,9.7715e+06,27.2363,0.0607372,0.0675955,True,True,True,True,True,evaluated,
VEST,VEST:39915:321,39915,0.321,ohmic,74807.9,0.152427,,117811,227.642,0.00193225,0.393254,0.288253,0.732995,1.42539,1.31662,0.318095,1,True,0.321,magnetics,admissible,unmatched,,False,77033,-4.82564e+06,1.19377,-0.0753151,1.26908,1.69645e-05,10,no_kinetic_state,0.638523,1.12018,227.642,,,-22874.1,94937.4,117811,,,,82166.3,1.09836,9.7715e+06,64.5071,0.124644,0.240939,True,True,True,True,True,evaluated,
VEST,VEST:39915:322,39915,0.322,ohmic,68974.7,0.153838,,95818.8,211.471,0.00220699,0.38998,0.284976,0.730745,1.37216,1.27279,0.2945,1,True,0.322,magnetics,admissible,unmatched,,False,72570.6,-3.91195e+06,0.908401,-0.261469,1.16987,1.69609e-05,10,no_kinetic_state,0.723536,1.16356,211.471,,,-15127.4,80691.4,95818.8,,,,92426.5,1.34001,9.7715e+06,56.7157,0.125171,0.187472,True,True,True,True,True,evaluated,
VEST,VEST:39915:323,39915,0.323,ohmic,62659.2,0.15767,,113424,197.387,0.00174025,0.379159,0.274153,0.723056,1.35772,1.26748,0.299426,1,False,0.323,magnetics,admissible,unmatched,,False,67169.3,-8.24092e+06,0.607407,-0.833243,1.44065,2.29918e-05,10,no_kinetic_state,0.742334,1.2636,197.387,,,-23154.3,90270,113424,,,,71727.6,1.14473,9.7715e+06,131.52,0.228877,0.256501,True,True,True,False,False,evaluated,
VEST,VEST:39915:324,39915,0.324,ohmic,56140.7,0.162508,,45860.1,165.162,0.00360144,0.368344,0.263266,0.714727,1.29393,1.2225,0.253667,1,False,0.324,magnetics,admissible,unmatched,,False,59580.2,-5.02562e+06,0.232426,-0.0104541,0.24288,4.32628e-06,10,no_kinetic_state,0.902418,1.31968,165.162,,,-32224.6,13635.5,45860.1,,,,39082.6,0.696155,9.7715e+06,89.5184,0.322395,2.36329,True,True,False,False,False,evaluated,
VEST,VEST:39916:315,39916,0.315,ohmic,80590.8,0.139557,,190516,203.901,0.00107026,0.42575,0.320747,0.75337,1.75839,1.50727,0.457209,1,True,0.315,magnetics,admissible,unmatched,,False,83833.9,-738846,2.83831,0.38082,2.45749,3.04935e-05,10,no_kinetic_state,0.367652,0.672287,203.901,,,7535.22,198051,190516,,,,189405,2.35021,47697.3,9.16787,0.00981198,0.0380468,True,True,True,True,True,evaluated,
VEST,VEST:39916:316,39916,0.316,ohmic,79069.6,0.142571,3.79272e+18,153840,211.437,0.00137439,0.417789,0.312789,0.748677,1.66108,1.45402,0.385943,1,True,0.316,magnetics,admissible,matched,True,True,82364.4,814190,2.61764,0.605362,2.01228,2.54494e-05,10,evaluated,0.411996,0.769925,211.437,233.479,90.6491,5270.11,159110,153840,,,0.00151767,170808,2.16023,47249.2,10.2971,0.0141523,0.0331224,True,True,True,True,True,evaluated,
VEST,VEST:39916:317,39916,0.317,ohmic,81071.2,0.144645,5.69891e+18,140872,214.442,0.00152225,0.412263,0.307263,0.745306,1.59355,1.42784,0.360281,1,True,0.317,magnetics,good,matched,True,False,82528.9,1.01064e+06,2.40122,0.566761,1.83446,2.26278e-05,10,no_kinetic_state,0.472532,0.817763,214.442,,121.604,7850.23,148722,140872,,,,154772,1.90908,38596.8,12.4661,0.0189764,0.0527846,True,True,True,True,True,evaluated,
VEST,VEST:39916:318,39916,0.318,ohmic,81062.5,0.145364,5.12546e+18,137855,227.137,0.00164765,0.410096,0.305095,0.743961,1.5545,1.39765,0.341011,1,True,0.318,magnetics,good,matched,True,False,83860.1,354596,2.11831,0.376635,1.74167,2.14856e-05,10,no_kinetic_state,0.499697,0.881891,227.137,,94.1853,3329.7,141184,137855,,,,149446,1.84359,28279.1,4.37435,0.00720742,0.0235841,True,True,True,True,True,evaluated,
VEST,VEST:39916:319,39916,0.319,ohmic,77889,0.148306,4.92523e+18,133419,221.101,0.00165719,0.402504,0.297496,0.739113,1.50314,1.36985,0.339303,1,True,0.319,magnetics,good,matched,True,False,81274,-1.60021e+06,1.83087,0.147218,1.68365,2.16161e-05,10,no_kinetic_state,0.537736,0.942895,221.101,,103.799,-2281.03,131138,133419,,,,136148,1.74798,33033.4,20.5448,0.0340466,0.0173941,True,True,True,True,True,evaluated,
VEST,VEST:39916:320,39916,0.32,ohmic,76698.7,0.150014,6.16884e+18,117934,222.575,0.00188728,0.398136,0.293129,0.736253,1.47792,1.35364,0.298807,1,True,0.32,magnetics,good,matched,False,False,79628.6,-3.0929e+06,1.50638,0.00692682,1.49945,1.95499e-05,10,no_kinetic_state,0.57397,1.00515,222.575,,154.33,-2927.78,115006,117934,,,,113860,1.48452,59678.4,40.3253,0.0761052,0.0254576,True,True,True,True,True,evaluated,
VEST,VEST:39916:321,39916,0.321,ohmic,72983.4,0.149832,5.20588e+18,109164,215.245,0.00197177,0.396997,0.291981,0.735474,1.43552,1.31817,0.311466,1,True,0.321,magnetics,good,matched,True,False,77583.9,-4.18177e+06,1.24129,-0.0561845,1.29747,1.77776e-05,10,no_kinetic_state,0.631755,1.03534,215.245,,113.311,-14469.7,94693.9,109164,,,,85700.8,1.17425,59678.4,57.2975,0.112977,0.152805,True,True,True,True,True,evaluated,
VEST,VEST:39916:322,39916,0.322,ohmic,67765.1,0.152642,5.39266e+18,110791,193.635,0.00174775,0.388865,0.283862,0.729975,1.38564,1.28582,0.291729,1,True,0.322,magnetics,admissible,matched,True,False,72672.9,-5.74945e+06,0.893162,-0.519802,1.41296,2.08509e-05,10,no_kinetic_state,0.70651,1.07189,193.635,,102.38,-15041.3,95749.8,110791,,,,77663.2,1.14606,59678.4,84.8438,0.148286,0.15709,True,True,True,True,True,evaluated,
VEST,VEST:39916:323,39916,0.323,ohmic,62705.1,0.156132,3.69733e+18,108589,185.163,0.00170517,0.381055,0.276049,0.724434,1.35761,1.26671,0.304237,1,False,0.323,magnetics,admissible,matched,False,False,67704.7,-7.44406e+06,0.564796,-0.899195,1.46399,2.33472e-05,10,no_kinetic_state,0.749445,1.1684,185.163,,77.4272,-16789.3,91799.7,108589,,,,70292.9,1.12101,59678.4,118.715,0.20243,0.18289,True,True,True,False,False,evaluated,
VEST,VEST:39916:324,39916,0.324,ohmic,55838.6,0.161036,5.26295e+18,67073.7,160.057,0.00238629,0.369999,0.264942,0.716061,1.31895,1.24106,0.275262,1,False,0.324,magnetics,admissible,matched,True,False,61285.6,-5.28847e+06,0.237331,-0.514261,0.751592,1.34601e-05,10,no_kinetic_state,0.834163,1.21831,160.057,,119.836,-25105.8,41967.9,67073.7,,,,57018.2,1.02112,59678.4,94.7099,0.226005,0.598215,True,True,True,False,False,evaluated,
VEST,VEST:39917:316,39917,0.316,ohmic,78542.9,0.144397,,132030,217.223,0.00164526,0.414987,0.309987,0.74698,1.66565,1.46089,0.394885,1,True,0.316,magnetics,admissible,unmatched,,False,81546.9,2.50197e+06,2.60498,0.845214,1.75977,2.24052e-05,10,no_kinetic_state,0.418108,0.80289,217.223,,,6187.9,138217,132030,,,,137921,1.75599,62893.6,31.8548,0.0524095,0.0447694,True,True,True,True,True,evaluated,
VEST,VEST:39917:317,39917,0.317,ohmic,80628.5,0.145826,,132170,223.411,0.00169034,0.410704,0.305703,0.744339,1.58794,1.42276,0.357017,1,True,0.317,magnetics,good,unmatched,,False,82450.6,1.31332e+06,2.37953,0.640219,1.73931,2.15719e-05,10,no_kinetic_state,0.477105,0.859657,223.411,,,8068.2,140238,132170,,,,140552,1.7432,62893.6,16.2886,0.0275332,0.0575323,True,True,True,True,True,evaluated,
VEST,VEST:39917:318,39917,0.318,ohmic,80747.8,0.146275,,139399,233.359,0.00167404,0.409967,0.304964,0.743874,1.54106,1.38386,0.340736,1,True,0.318,magnetics,good,unmatched,,False,84031.5,-93.9155,2.12451,0.423792,1.70071,2.1062e-05,10,no_kinetic_state,0.513397,0.908439,233.359,,,-2070.27,137329,139399,,,,129606,1.60507,62893.6,0.00116307,1.94702e-06,0.0150752,True,True,True,True,True,evaluated,
VEST,VEST:39917:319,39917,0.319,ohmic,81462.6,0.148487,,110475,219.27,0.0019848,0.404188,0.29918,0.7402,1.50252,1.36607,0.343023,1,True,0.319,magnetics,good,unmatched,,False,83554.9,620608,1.76102,0.435592,1.32542,1.62703e-05,10,no_kinetic_state,0.560638,0.898313,219.27,,,-2502.4,107973,110475,,,,115280,1.41513,62893.6,7.61831,0.0151208,0.0231762,True,True,True,True,True,evaluated,
VEST,VEST:39917:320,39917,0.32,ohmic,81205.7,0.148744,,105373,228.355,0.00216711,0.403154,0.298146,0.739534,1.47918,1.34876,0.310609,1,True,0.32,magnetics,admissible,unmatched,,False,84422.6,-804829,1.47668,0.0869827,1.3897,1.71133e-05,10,no_kinetic_state,0.581415,0.944143,228.355,,,7478.34,112851,105373,,,,103693,1.27692,62893.6,9.911,0.0214782,0.0662671,True,True,True,True,True,evaluated,
VEST,VEST:39917:321,39917,0.321,ohmic,79637.2,0.149797,,100465,234.227,0.00233143,0.400734,0.295732,0.737976,1.45784,1.3334,0.304963,1,True,0.321,magnetics,admissible,unmatched,,False,83890.2,-2.68594e+06,1.14948,-0.0476166,1.19709,1.50319e-05,10,no_kinetic_state,0.600735,0.998651,234.227,,,-5131.98,95333.2,100465,,,,86219.2,1.08265,62893.6,33.7272,0.0786325,0.0538321,True,True,True,True,True,evaluated,
VEST,VEST:39917:322,39917,0.322,ohmic,75066.4,0.150545,,102270,218.091,0.00213249,0.398147,0.293142,0.736266,1.41672,1.30121,0.314155,1,True,0.322,magnetics,admissible,unmatched,,False,81040,-5.29904e+06,0.86527,-0.243052,1.10832,1.47646e-05,10,no_kinetic_state,0.652944,1.0027,218.091,,,-19072.7,83197.8,102270,,,,65947.8,0.878526,62893.6,70.5913,0.150535,0.229245,True,True,True,True,True,evaluated,
VEST,VEST:39917:323,39917,0.323,ohmic,68939.7,0.152168,,122401,196.082,0.00160197,0.392863,0.287863,0.73273,1.36883,1.26679,0.301563,1,True,0.323,magnetics,admissible,unmatched,,False,75731,-7.1722e+06,0.567378,-1.10984,1.67722,2.43288e-05,10,no_kinetic_state,0.733572,1.02446,196.082,,,-6773.71,115627,122401,,,,97075.8,1.40813,62893.6,104.036,0.166662,0.0585825,True,True,True,True,True,evaluated,
VEST,VEST:39917:324,39917,0.324,ohmic,49343.9,0.156336,3.15662e+18,378062,204.543,0.000541031,0.382476,0.277442,0.725383,1.32939,1.23588,0.307833,1,False,0.324,magnetics,admissible,matched,False,True,67484.2,-3.09305e+07,0.627938,-5.73133,6.35927,0.000128877,10,evaluated,0.701996,1.30961,204.543,32.8603,70.2436,-64270.9,313791,378062,,,8.69177e-05,155288,3.14705,62893.6,626.836,0.339138,0.204821,True,True,True,False,False,evaluated,
VEST,VEST:39917:325,39917,0.325,ohmic,35574.6,0.19859,8.04716e+18,197051,67.5399,0.000342753,0.301141,0.195875,0.650442,1.34712,1.30375,0.204252,1,False,0.325,magnetics,admissible,matched,True,False,43449.9,-8.43147e+06,0.0666294,-1.62131,1.68794,4.74479e-05,10,no_kinetic_state,0.645119,1.14224,67.5399,,32.4696,-137003,60047.8,197051,,,,217311,6.10859,62893.6,237.008,0.0812353,2.28157,True,True,False,True,False,evaluated,
VEST,VEST:40282:320,40282,0.32,ohmic,52389.6,0.197829,7.12892e+18,110064,107.401,0.000975809,0.342013,0.23701,0.692984,1.55019,1.4703,0.246484,1,True,0.32,magnetics,admissible,matched,False,True,56428,-9.73255e+06,1.53827,0.161218,1.37706,2.62849e-05,2,evaluated,0.424083,0.800791,107.401,34.5707,23.5663,-37920.1,72143.4,110064,,,0.000314098,60140.5,1.14795,399409,185.773,0.181279,0.525621,True,True,True,True,True,evaluated,
VEST,VEST:40282:321,40282,0.321,ohmic,44902.5,0.20886,8.39117e+18,90821.9,69.4809,0.000765024,0.324075,0.219059,0.675951,1.3974,1.34118,0.240621,1,True,0.321,magnetics,admissible,matched,False,False,49135.4,-6.41357e+06,1.22837,0.0502254,1.17815,2.62379e-05,2,no_kinetic_state,0.606137,0.743023,69.4809,,18.4254,-37920.1,52901.8,90821.9,,,,49867.7,1.11058,4.04268e+06,142.833,0.109271,0.716802,True,True,True,True,True,evaluated,
VEST,VEST:40324:324,40324,0.324,ohmic,27316,0.175287,,,68.3011,,0.341206,0.236203,0.692258,1.27618,1.21888,0.262929,1,False,0.324,magnetics,admissible,unmatched,,False,34325,-1.22329e+07,0.303058,-2.58723,2.89029,0.000105809,1,no_kinetic_state,0.841523,1.14397,68.3011,,,,78951.1,,,,,,,1.35925e+07,447.829,,,False,False,False,False,False,evaluated,
VEST,VEST:40325:323,40325,0.323,ohmic,41211.6,0.17417,1.05455e+19,87314.2,190.488,0.00218163,0.34166,0.236627,0.692581,1.44249,1.36426,0.28336,1,False,0.323,magnetics,admissible,matched,False,False,49390,-1.11358e+07,0.699734,-0.145628,0.845362,2.05127e-05,2,no_kinetic_state,0.519381,1.99057,190.488,,44.4186,-52475.5,34838.7,87314.2,,,,23962,0.581438,6.66496e+06,270.21,0.5895,1.50624,True,True,False,False,False,evaluated,
VEST,VEST:40325:324,40325,0.324,ohmic,32152.1,0.179897,,75809.4,138.012,0.00182052,0.330946,0.225912,0.682627,1.29169,1.23922,0.269257,1,False,0.324,magnetics,admissible,unmatched,,False,40568.3,-7.16149e+06,0.356775,-0.36896,0.725735,2.2572e-05,2,no_kinetic_state,0.771945,2.08465,138.012,,,-52475.5,23333.9,75809.4,,,,18632.2,0.579503,6.66496e+06,222.738,0.405498,2.2489,True,True,False,False,False,evaluated,
VEST,VEST:40326:322,40326,0.322,ohmic,55403.2,0.165457,2.06516e+19,100969,215.753,0.00213683,0.361164,0.256164,0.709273,1.50101,1.40743,0.267742,1,False,0.322,magnetics,admissible,matched,True,True,62229.5,-5.72954e+06,0.881543,0.281073,0.60047,1.08382e-05,2,evaluated,0.446674,1.51082,215.753,219.477,112.321,-67700.7,33267.9,100969,,,0.00217371,50579.3,0.91293,7.12646e+06,103.415,0.220981,2.03501,True,True,False,False,False,evaluated,
VEST,VEST:40326:323,40326,0.323,ohmic,43433.8,0.172605,9.91284e+18,154790,148.052,0.000956473,0.34629,0.24129,0.696786,1.39139,1.3218,0.278455,1,False,0.323,magnetics,admissible,matched,False,False,52033.7,-1.37001e+07,0.734596,-1.2705,2.0051,4.61645e-05,2,no_kinetic_state,0.579431,1.46022,148.052,,34.6888,-67700.7,87088.9,154790,,,,42417.9,0.976611,7.12646e+06,315.424,0.301694,0.777375,True,True,True,False,False,evaluated,
VEST,VEST:40327:322,40327,0.322,ohmic,54634.1,0.173392,1.36311e+19,89069.5,204.108,0.00229155,0.34342,0.238404,0.694206,1.51848,1.44182,0.250946,1,False,0.322,magnetics,admissible,matched,False,False,59512.3,-1.6247e+07,0.937453,0.214304,0.723149,1.32362e-05,2,no_kinetic_state,0.427652,1.65397,204.108,,55.8115,-49560.9,39508.6,89069.5,,,,26855.5,0.491552,2.61936e+07,297.377,0.681457,1.25443,True,True,False,False,False,evaluated,
VEST,VEST:40327:323,40327,0.323,ohmic,42924.2,0.172445,1.4687e+19,11346.5,154.547,0.0136207,0.344868,0.239866,0.695532,1.33947,1.27295,0.274178,1,False,0.323,magnetics,admissible,matched,True,False,50262.4,422679,0.725816,1.61609,-0.890278,-2.07407e-05,2,no_kinetic_state,0.713215,1.66165,154.547,,67.3364,-49560.9,-38214.5,11346.5,,,,16309.3,0.379955,2.61936e+07,9.8471,0.134125,,False,True,False,True,False,evaluated,
VEST,VEST:40328:322,40328,0.322,ohmic,52223.2,0.163788,1.9138e+19,123279,218.053,0.00176877,0.365018,0.260017,0.712342,1.50419,1.4059,0.278594,1,False,0.322,magnetics,admissible,matched,False,True,61024.1,-1.01002e+07,0.956949,-0.0572155,1.01416,1.94198e-05,2,evaluated,0.43798,1.51873,218.053,200.226,105.618,-70316.3,52963,123279,,,0.00162417,47960.4,0.918372,4.62537e+06,193.404,0.342087,1.32765,True,True,False,False,False,evaluated,
VEST,VEST:40328:323,40328,0.323,ohmic,41668.9,0.17028,1.14112e+19,166197,147.737,0.000888922,0.351095,0.246088,0.700918,1.3816,1.31198,0.274295,1,False,0.323,magnetics,admissible,matched,False,False,50354.1,-1.6342e+07,0.683591,-1.61743,2.30102,5.52215e-05,2,no_kinetic_state,0.598675,1.46666,147.737,,45.0079,-70316.3,95881.2,166197,,,,40323.1,0.967702,4.62537e+06,392.187,0.348624,0.733369,True,True,True,False,False,evaluated,
VEST,VEST:40329:322,40329,0.322,ohmic,51149.5,0.169524,1.05049e+19,163254,204.17,0.00125063,0.353396,0.248396,0.702882,1.43791,1.35399,0.299098,1,False,0.322,magnetics,admissible,matched,False,False,59939.6,-1.4295e+07,1.01532,-0.747699,1.76302,3.44679e-05,2,no_kinetic_state,0.506102,1.62149,204.17,,54.1909,-73077,90177.4,163254,,,,83757.3,1.6375,4.78038e+07,279.476,0.34952,0.810369,True,True,True,False,False,evaluated,
VEST,VEST:40329:323,40329,0.323,ohmic,45315.3,0.183661,1.15245e+19,82688.9,131.094,0.00158538,0.327321,0.222288,0.679115,1.35619,1.2998,0.257339,1,False,0.323,magnetics,good,matched,False,False,47819,-5.1419e+06,0.291308,0.0791957,0.212113,4.68081e-06,2,no_kinetic_state,0.672663,1.63129,131.094,,45.318,-73077,9611.94,82688.9,,,,80949.9,1.78637,4.78038e+07,113.469,0.179892,7.60272,True,True,False,True,False,evaluated,
VEST,VEST:40330:321,40330,0.321,ohmic,63893.6,0.158021,1.87074e+19,193827,256.425,0.00132296,0.378219,0.273219,0.722383,1.52542,1.4014,0.329892,1,False,0.321,magnetics,good,matched,False,False,72541.1,-1.01985e+07,1.21081,-0.543693,1.7545,2.74598e-05,3,no_kinetic_state,0.410769,1.38532,256.425,,113.504,-81725.1,112102,193827,,,,110687,1.73236,276560,159.617,0.211167,0.729027,True,True,True,False,False,evaluated,
VEST,VEST:40330:322,40330,0.322,ohmic,55398,0.174408,1.01654e+19,138801,174.7,0.00125863,0.3434,0.2384,0.694234,1.4608,1.39043,0.269707,1,False,0.322,magnetics,admissible,matched,False,False,59626.2,-1.2274e+07,0.8091,-0.17007,0.97917,1.76752e-05,3,no_kinetic_state,0.474186,1.45698,174.7,,31.7912,-84557,54244.1,138801,,,,68767.6,1.24134,3.59898e+06,221.561,0.278864,1.55882,True,True,False,False,False,evaluated,
VEST,VEST:40330:323,40330,0.323,ohmic,41434.5,0.180514,1.47719e+19,108409,87.311,0.000805388,0.332015,0.22686,0.683282,1.30439,1.25191,0.233243,1,False,0.323,magnetics,good,matched,True,False,49111.6,-6.78291e+06,0.777466,0.27017,0.507296,1.22433e-05,3,no_kinetic_state,0.782154,1.0619,87.311,,37.5143,-87388.9,21019.6,108409,,,,19942.1,0.481293,3.59898e+06,163.702,0.131844,4.15751,True,True,False,True,False,evaluated,
VEST,VEST:40331:322,40331,0.322,ohmic,49955,0.151176,1.35523e+19,159847,181.167,0.00113338,0.387183,0.282167,0.728769,1.39128,1.28814,0.319359,1,False,0.322,magnetics,admissible,matched,False,True,57916.8,-9.98806e+06,0.948687,-0.79532,1.74401,3.49116e-05,3,evaluated,0.515993,1.28792,181.167,131.657,56.6822,-72725.1,87121.9,159847,,,0.000823641,82253,1.64654,389043,199.941,0.226609,0.834751,True,True,True,False,False,evaluated,
VEST,VEST:40331:323,40331,0.323,ohmic,40402.7,0.161106,1.06538e+19,127214,108.442,0.000852434,0.362499,0.257466,0.710253,1.35734,1.28072,0.28902,1,False,0.323,magnetics,admissible,matched,False,False,47348,-9.48533e+06,0.53187,-1.0273,1.55917,3.85908e-05,3,no_kinetic_state,0.595636,1.11194,108.442,,29.8167,-64219.6,62994.7,127214,,,,63175.5,1.56365,509411,234.77,0.200126,1.01944,True,True,False,False,False,evaluated,
VEST,VEST:40331:324,40331,0.324,ohmic,29868.2,0.178691,,108971,52.7277,0.000483871,0.327073,0.221958,0.678619,1.31765,1.26693,0.276843,1,False,0.324,magnetics,admissible,unmatched,,False,36695.1,-1.09161e+07,0.224679,-1.55837,1.78305,5.96973e-05,3,no_kinetic_state,0.670667,0.904255,52.7277,,,-55714.1,53256.5,108971,,,,48453.2,1.62224,509411,365.476,0.176843,1.04615,True,False,False,True,False,evaluated,
VEST,VEST:42893:334,42893,0.334,ohmic,134335,0.158948,,822325,1090.02,0.00132553,0.434632,0.325133,0.748066,1.47202,1.28808,0.367828,1,True,0.334,magnetics,admissible,unmatched,,False,157397,7.04195e+06,1.76282,-1.33812,3.10094,2.30837e-05,4,no_kinetic_state,0.546346,1.86863,1090.02,,,-405761,416565,822325,,,,704153,5.24178,3.03777e+07,52.4209,0.0694854,0.974064,True,True,True,True,True,evaluated,
VEST,VEST:42893:335,42893,0.335,ohmic,130656,0.177992,,1.64683e+06,684.255,0.000415498,0.388713,0.283619,0.729636,1.69236,1.52919,0.30728,1,False,0.335,magnetics,admissible,unmatched,,False,146555,-7.27454e+07,1.42142,-8.89461,10.316,7.89559e-05,4,no_kinetic_state,0.409798,1.35867,684.255,,,-298984,1.34785e+06,1.64683e+06,,,,618473,4.73362,3.03777e+07,556.772,0.231338,0.221824,True,True,True,False,False,evaluated,
VEST,VEST:42893:336,42893,0.336,ohmic,92049.1,0.19617,,759012,492.047,0.000648273,0.353803,0.248626,0.702724,1.66624,1.54715,0.28239,1,False,0.336,magnetics,admissible,unmatched,,False,117583,-5.87894e+07,0.612185,-5.65148,6.26366,6.8047e-05,4,no_kinetic_state,0.375526,1.50318,492.047,,,-182447,576564,759012,,,,353605,3.84148,3.03777e+07,638.675,0.414036,0.316439,True,True,True,False,False,evaluated,
VEST,VEST:42893:337,42893,0.337,ohmic,62116.6,0.227214,,507143,319.36,0.000629724,0.307005,0.201972,0.657879,1.54394,1.48905,0.227121,1,False,0.337,magnetics,admissible,unmatched,,False,84220.7,-5.46687e+07,0.126932,-5.2574,5.38433,8.6681e-05,4,no_kinetic_state,0.392002,1.9951,319.36,,,-172687,334457,507143,,,,248177,3.99533,3.03777e+07,880.098,0.554218,0.51632,True,True,True,False,False,evaluated,
VEST,VEST:42894:332,42894,0.332,ohmic,118853,0.172774,9.42688e+18,914874,875.648,0.000957123,0.401103,0.2961,0.738213,1.69371,1.48407,0.351345,1,False,0.332,magnetics,admissible,matched,False,True,147370,-3.47989e+07,2.91204,-2.13678,5.04882,4.24795e-05,4,evaluated,0.402158,1.65071,875.648,483.66,214.017,-314806,600068,914874,,,0.000528662,515479,4.33711,276311,292.789,0.280235,0.524617,True,True,True,False,False,evaluated,
VEST,VEST:42894:333,42894,0.333,ohmic,113050,0.190408,9.24007e+18,574407,560.842,0.000976384,0.364265,0.259105,0.711307,1.59089,1.48128,0.276673,1,True,0.333,magnetics,admissible,matched,False,False,116775,-1.73773e+07,2.0296,-1.08999,3.11959,2.75948e-05,4,no_kinetic_state,0.494586,1.67999,560.842,,116.418,-221738,352669,574407,,,,450823,3.98782,492350,153.714,0.150084,0.628741,True,True,True,True,True,evaluated,
VEST,VEST:42894:334,42894,0.334,ohmic,81617,0.199894,1.10098e+19,172672,432.172,0.00250286,0.347768,0.242736,0.697982,1.4829,1.39563,0.264381,1,False,0.334,magnetics,admissible,matched,False,False,102312,313749,1.74268,1.00194,0.740745,9.07587e-06,4,no_kinetic_state,0.552806,1.74836,432.172,,79.0367,-112214,60457.4,172672,,,,222907,2.73113,2.00233e+06,3.84417,0.0096214,1.85608,True,True,False,True,False,evaluated,
VEST,VEST:42894:335,42894,0.335,ohmic,66198.6,0.214186,6.33595e+18,317632,336.413,0.00105913,0.325133,0.220132,0.677054,1.36437,1.30641,0.24992,1,False,0.335,magnetics,admissible,matched,False,False,84345.2,-1.93224e+07,1.11255,-2.23908,3.35163,5.06299e-05,4,no_kinetic_state,0.681466,2.07189,336.413,,8.17621,-95759.1,221873,317632,,,,156761,2.36804,2.72905e+06,291.886,0.309145,0.431594,True,True,True,False,False,evaluated,
VEST,VEST:42895:331,42895,0.331,ohmic,135655,0.162482,1.18261e+19,478955,1120.39,0.00233925,0.42558,0.320573,0.753262,1.56585,1.36295,0.344821,1,False,0.331,magnetics,admissible,matched,False,False,154292,-1.60947e+07,3.61901,0.404376,3.21463,2.36971e-05,5,no_kinetic_state,0.493365,1.91612,1120.39,,274.58,-42874.1,436080,478955,,,,449482,3.31342,1.20292e+08,118.645,0.27754,0.098317,True,True,True,False,False,evaluated,
VEST,VEST:42895:332,42895,0.332,ohmic,129123,0.165438,1.30006e+19,,1077.52,,0.418261,0.31322,0.748863,1.45066,1.28899,0.372576,1,False,0.332,magnetics,admissible,matched,False,True,136090,4.02356e+07,2.42059,5.9604,-3.53981,-2.74143e-05,5,evaluated,0.634156,2.29783,1077.52,404.638,246.279,-154067,-457069,-303002,,,,508642,3.93921,1.20292e+08,311.608,,,False,True,False,False,False,evaluated,
VEST,VEST:42895:333,42895,0.333,ohmic,122424,0.178664,,1.30121e+06,812.26,0.000624236,0.388229,0.28322,0.729517,1.66139,1.5055,0.306005,1,False,0.333,magnetics,admissible,unmatched,,False,142177,-4.21761e+07,2.32091,-6.18209,8.50299,6.94555e-05,5,no_kinetic_state,0.437604,1.68833,812.26,,,-260238,1.04097e+06,1.30121e+06,,,,515405,4.21001,1.20292e+08,344.509,0.215055,0.249997,True,True,True,False,False,evaluated,
VEST,VEST:42895:334,42895,0.334,ohmic,109272,0.19478,,762669,557.043,0.000730386,0.357012,0.251782,0.705247,1.6297,1.52509,0.255911,1,False,0.334,magnetics,admissible,unmatched,,False,120546,-3.73756e+07,1.6182,-3.27875,4.89695,4.48144e-05,5,no_kinetic_state,0.433498,1.64451,557.043,,,-227571,535099,762669,,,,370622,3.39174,1.20292e+08,342.043,0.249823,0.425287,True,True,True,False,False,evaluated,
VEST,VEST:42895:335,42895,0.335,ohmic,78108.7,0.206942,,184902,357.118,0.00193139,0.336246,0.231214,0.687633,1.47077,1.39821,0.26658,1,False,0.335,magnetics,admissible,unmatched,,False,99181,1.57715e+06,1.20139,1.39372,-0.19233,-2.46234e-06,5,no_kinetic_state,0.553152,1.6134,357.118,,,-199925,-15022.7,184902,,,,203290,2.60265,1.20292e+08,20.1918,0.0389981,,False,True,False,True,False,evaluated,
VEST,VEST:42896:332,42896,0.332,ohmic,132720,0.170492,9.64601e+18,1.33865e+06,947.246,0.000707614,0.40804,0.302959,0.742473,1.68772,1.4711,0.351459,1,False,0.332,magnetics,admissible,matched,False,False,155081,-5.66998e+07,3.00643,-4.5891,7.59554,5.72298e-05,4,no_kinetic_state,0.407016,1.63832,947.246,,163.251,-330570,1.00808e+06,1.33865e+06,,,,645303,4.86215,4.43399e+08,427.214,0.302303,0.327921,True,True,True,False,False,evaluated,
VEST,VEST:42896:333,42896,0.333,ohmic,110461,0.187159,1.2349e+19,415325,616.676,0.0014848,0.37266,0.267417,0.71759,1.58617,1.46057,0.282664,1,False,0.333,magnetics,admissible,matched,False,True,122962,1.02419e+06,2.15201,0.437463,1.71455,1.55218e-05,4,evaluated,0.479625,1.67591,616.676,113.906,103.239,-225934,189390,415325,,,0.000274259,511282,4.62863,4.43399e+08,9.27194,0.013767,1.19295,True,True,False,True,False,evaluated,
VEST,VEST:42896:334,42896,0.334,ohmic,80614.1,0.201168,1.06001e+19,477443,495.377,0.00103756,0.346652,0.24148,0.696606,1.574,1.47983,0.279734,1,False,0.334,magnetics,admissible,matched,False,False,107587,-2.69324e+07,1.83268,-2.22355,4.05623,5.03166e-05,4,no_kinetic_state,0.452259,1.80763,495.377,,68.6857,-150454,326989,477443,,,,254159,3.15279,4.43399e+08,334.09,0.346639,0.46012,True,True,True,False,False,evaluated,
VEST,VEST:42896:335,42896,0.335,ohmic,68674.5,0.21737,7.51319e+18,521110,315.767,0.000605952,0.320879,0.215847,0.672673,1.38608,1.32753,0.214363,1,False,0.335,magnetics,admissible,matched,False,False,84746.1,-3.46876e+07,1.01299,-3.95974,4.97273,7.24101e-05,4,no_kinetic_state,0.645015,1.96575,315.767,,11.9494,-179610,341500,521110,,,,160875,2.34257,4.43399e+08,505.101,0.306067,0.525943,True,True,True,False,False,evaluated,
VEST,VEST:42929:330,42929,0.33,ohmic,130541,0.170169,1.40231e+19,555272,685.411,0.00123437,0.405463,0.300396,0.740871,1.6966,1.50393,0.360834,1,True,0.33,magnetics,admissible,matched,False,False,145761,-1.1903e+07,3.97927,-0.0353649,4.01463,3.07539e-05,6,no_kinetic_state,0.393742,1.26282,685.411,,190.003,-31199.7,524072,555272,,,,512176,3.9235,372569,91.1827,0.112553,0.0595333,True,True,True,True,True,evaluated,
VEST,VEST:42929:331,42929,0.331,ohmic,117666,0.175275,1.63298e+19,455028,654.211,0.00143774,0.394557,0.289353,0.733363,1.59443,1.44468,0.336911,1,True,0.331,magnetics,admissible,matched,True,True,132197,-1.03358e+07,3.54682,-0.205988,3.75281,3.18938e-05,6,evaluated,0.463391,1.47231,654.211,578.404,272.347,-13450.5,441577,455028,,,0.00127114,457240,3.88592,510920,87.8403,0.126291,0.03046,True,True,True,True,True,evaluated,
VEST,VEST:42929:332,42929,0.332,ohmic,112706,0.181478,1.01734e+19,332577,658.51,0.00198002,0.381832,0.27659,0.724377,1.55239,1.43372,0.306453,1,True,0.332,magnetics,admissible,matched,False,False,119647,-4.83544e+06,2.77892,0.155461,2.62345,2.32769e-05,6,no_kinetic_state,0.528697,1.77919,658.51,,104.519,-36896.9,295680,332577,,,,390391,3.46379,221792,42.9031,0.0849491,0.124787,True,True,True,True,True,evaluated,
VEST,VEST:42929:333,42929,0.333,ohmic,94581.1,0.185693,1.59696e+19,505996,580.417,0.00114708,0.3726,0.267568,0.71811,1.46831,1.36396,0.299072,1,True,0.333,magnetics,admissible,matched,True,False,109036,-1.52855e+07,2.50323,-2.3368,4.84003,5.11733e-05,6,no_kinetic_state,0.576075,1.91824,580.417,,261.508,-48219.9,457776,505996,,,,350332,3.70404,2.36704e+07,161.612,0.185382,0.105335,True,True,True,True,True,evaluated,
VEST,VEST:42929:334,42929,0.334,ohmic,101556,0.200933,,442911,562.07,0.00126904,0.344889,0.239806,0.695314,1.50609,1.42993,0.255604,1,True,0.334,magnetics,admissible,unmatched,,False,96369.5,-1.46466e+07,0.834025,-2.42201,3.25604,3.20615e-05,6,no_kinetic_state,0.507878,2.41184,562.07,,,-112241,330670,442911,,,,324926,3.19948,2.36704e+07,144.222,0.183023,0.339436,True,True,True,True,True,evaluated,
VEST,VEST:42929:335,42929,0.335,ohmic,68543,0.213112,,445406,355.934,0.000799124,0.325737,0.220704,0.677554,1.47527,1.41321,0.25201,1,True,0.335,magnetics,admissible,unmatched,,False,89686.7,-1.64051e+07,1.31424,-2.17656,3.4908,5.09286e-05,6,no_kinetic_state,0.489494,1.90698,355.934,,,-206135,239270,445406,,,,127985,1.86723,2.36704e+07,239.34,0.191263,0.861518,True,True,True,True,True,evaluated,
VEST,VEST:42931:330,42931,0.33,ohmic,131091,0.16309,1.19229e+19,511427,770.42,0.00150641,0.424258,0.319231,0.752446,1.65442,1.41848,0.384346,1,True,0.33,magnetics,admissible,matched,False,False,151499,6.7171e+06,3.99993,0.866908,3.13302,2.38996e-05,5,no_kinetic_state,0.389762,1.29846,770.42,,156.841,-100717,410710,511427,,,,607865,4.63698,495935,51.2401,0.0771886,0.245226,True,True,True,True,True,evaluated,
VEST,VEST:42931:331,42931,0.331,ohmic,116694,0.172425,1.02458e+19,706295,669.703,0.000948192,0.401893,0.296893,0.738736,1.66844,1.4764,0.368197,1,True,0.331,magnetics,admissible,matched,False,True,138754,-2.21464e+07,3.5117,-1.34548,4.85718,4.16234e-05,5,evaluated,0.402444,1.3419,669.703,415.414,154.132,-139493,566802,706295,,,0.000588159,510013,4.37053,1.05211e+06,189.783,0.17995,0.246106,True,True,True,True,True,evaluated,
VEST,VEST:42931:332,42931,0.332,ohmic,105165,0.183589,1.4809e+19,292986,491.434,0.00167733,0.377806,0.272675,0.721733,1.53252,1.4141,0.296087,1,True,0.332,magnetics,admissible,matched,False,False,115631,6.05357e+06,2.92367,1.17611,1.74756,1.66173e-05,5,no_kinetic_state,0.511764,1.42703,491.434,,94.5322,-109205,183782,292986,,,,444462,4.22634,408974,57.5627,0.0965514,0.594207,True,True,True,True,True,evaluated,
VEST,VEST:42931:333,42931,0.333,ohmic,87083,0.193722,9.96725e+18,472754,451.294,0.000954607,0.358,0.252819,0.706198,1.56387,1.45985,0.276537,1,False,0.333,magnetics,admissible,matched,False,False,106851,-2.23971e+07,2.40264,-2.13722,4.53987,5.21327e-05,5,no_kinetic_state,0.4626,1.56348,451.294,,88.6255,-77408.5,395345,472754,,,,308292,3.54021,1.47715e+07,257.192,0.245518,0.1958,True,True,True,False,False,evaluated,
VEST,VEST:42931:334,42931,0.334,ohmic,78173,0.204374,,422836,336.616,0.000796092,0.338814,0.233781,0.689999,1.4346,1.36182,0.274634,1,False,0.334,magnetics,admissible,unmatched,,False,88690.7,-2.47008e+07,1.55635,-2.38565,3.94201,5.04267e-05,5,no_kinetic_state,0.597068,1.72137,336.616,,,-114678,308158,422836,,,,219362,2.80612,1.47715e+07,315.977,0.251547,0.372139,True,True,True,False,False,evaluated,
VEST,VEST:42932:330,42932,0.33,ohmic,129673,0.163828,1.57389e+19,580480,752.135,0.00129571,0.42158,0.31658,0.750937,1.65747,1.43759,0.407486,1,True,0.33,magnetics,admissible,matched,False,False,154507,2.58911e+06,4.08192,0.708221,3.3737,2.6017e-05,5,no_kinetic_state,0.386266,1.24694,752.135,,256.53,-143003,437478,580480,,,,588802,4.54067,881050,19.9665,0.0258708,0.32688,True,True,True,True,True,evaluated,
VEST,VEST:42932:331,42932,0.331,ohmic,120577,0.173842,1.01459e+19,758501,609.132,0.000803074,0.39746,0.292436,0.735762,1.66309,1.49268,0.327927,1,True,0.331,magnetics,admissible,matched,False,False,139562,-2.54021e+07,3.50731,-1.77595,5.28326,4.38167e-05,5,no_kinetic_state,0.414304,1.23588,609.132,,129.212,-121463,637037,758501,,,,511833,4.24488,301322,210.672,0.169185,0.190669,True,True,True,True,True,evaluated,
VEST,VEST:42932:332,42932,0.332,ohmic,105105,0.182161,1.29077e+19,250723,509.208,0.00203096,0.380359,0.275255,0.723671,1.5405,1.42081,0.302587,1,True,0.332,magnetics,admissible,matched,True,True,120977,8.1409e+06,2.94303,1.29337,1.64967,1.56954e-05,5,evaluated,0.500979,1.38576,509.208,229.522,101.655,-77335.5,173388,250723,,,0.00091544,423500,4.02931,2.0617e+09,77.4551,0.157308,0.446026,True,True,True,True,True,evaluated,
VEST,VEST:42932:333,42932,0.333,ohmic,93024.5,0.192427,1.14975e+19,526491,454.461,0.000863189,0.360405,0.255198,0.708086,1.58266,1.47566,0.283384,1,False,0.333,magnetics,admissible,matched,False,False,112650,-2.29525e+07,2.32697,-2.53713,4.8641,5.22885e-05,5,no_kinetic_state,0.454939,1.45417,454.461,,142.71,-74010,452481,526491,,,,347638,3.73706,2.0617e+09,246.736,0.21298,0.163565,True,True,True,False,False,evaluated,
VEST,VEST:42932:334,42932,0.334,ohmic,84374.2,0.206739,,380222,361.188,0.000949939,0.335672,0.23064,0.687099,1.49499,1.42522,0.264754,1,False,0.334,magnetics,admissible,unmatched,,False,94301.7,-1.97999e+07,1.48004,-1.92087,3.40091,4.03075e-05,5,no_kinetic_state,0.515902,1.69562,361.188,,,-93273.2,286949,380222,,,,295641,3.50393,2.0617e+09,234.667,0.22292,0.325051,True,True,True,False,False,evaluated,
VEST,VEST:42934:330,42934,0.33,ohmic,130384,0.164785,1.16292e+19,701189,791.459,0.00112874,0.420411,0.315226,0.749804,1.73816,1.4829,0.40851,1,True,0.33,magnetics,admissible,matched,False,False,157848,-2.16416e+07,4.03557,-0.109654,4.14522,3.17923e-05,6,no_kinetic_state,0.357176,1.24685,791.459,,161.172,-160717,540472,701189,,,,569342,4.36664,200427,165.983,0.187352,0.297364,True,True,True,True,True,evaluated,
VEST,VEST:42934:331,42934,0.331,ohmic,111163,0.173875,1.55734e+19,501471,630.742,0.00125778,0.398221,0.293054,0.735908,1.5687,1.41615,0.329832,1,True,0.331,magnetics,admissible,matched,True,True,131702,-1.47527e+07,3.58827,-0.17514,3.76341,3.38548e-05,6,evaluated,0.469054,1.42031,630.742,445.602,177.298,-83117.6,418354,501471,,,0.000888589,453155,4.07647,1.79387e+07,132.712,0.166923,0.198678,True,True,True,True,True,evaluated,
VEST,VEST:42934:332,42934,0.332,ohmic,98911,0.178606,1.70591e+19,301903,625.224,0.00207094,0.387949,0.282935,0.72931,1.46925,1.34931,0.305322,1,False,0.332,magnetics,admissible,matched,False,False,115628,-1.06067e+07,3.0218,-0.151294,3.1731,3.20803e-05,6,no_kinetic_state,0.581097,1.78686,625.224,,199.835,11950.7,313854,301903,,,,335017,3.38706,1.79387e+07,107.235,0.222077,0.0380773,True,True,True,False,False,evaluated,
VEST,VEST:42934:333,42934,0.333,ohmic,88488.6,0.181778,2.08983e+19,80424,654.644,0.0081399,0.382441,0.277437,0.725437,1.38785,1.28505,0.323904,1,False,0.333,magnetics,admissible,matched,False,False,103739,1.39765e+07,2.42653,1.73692,0.689607,7.79318e-06,6,no_kinetic_state,0.693965,2.25577,654.644,,312.898,-19401.6,61022.4,80424,,,,335938,3.7964,1.79387e+07,157.947,1.28568,0.317943,True,True,True,False,False,evaluated,
VEST,VEST:42934:334,42934,0.334,ohmic,85447.4,0.196136,,737908,586.42,0.000794706,0.354551,0.249459,0.703592,1.54138,1.44643,0.32046,1,False,0.334,magnetics,admissible,unmatched,,False,104294,-3.97825e+07,1.60025,-5.37024,6.97049,8.15764e-05,6,no_kinetic_state,0.455059,2.14295,586.42,,,-142298,595610,737908,,,,285968,3.34671,1.79387e+07,465.579,0.369999,0.238912,True,True,True,False,False,evaluated,
VEST,VEST:42934:335,42934,0.335,ohmic,73126.9,0.210417,,428145,370.047,0.000864303,0.330128,0.225128,0.681942,1.44927,1.38409,0.266564,1,False,0.335,magnetics,admissible,unmatched,,False,87387.2,-2.22148e+07,0.665772,-2.23017,2.89594,3.96015e-05,6,no_kinetic_state,0.541165,2.00766,370.047,,,-216374,211771,428145,,,,175849,2.40471,1.79387e+07,303.784,0.262562,1.02173,True,True,False,False,False,evaluated,
VEST,VEST:42944:334,42944,0.334,ohmic,108737,0.155407,,161688,806.4,0.0049874,0.442766,0.318233,0.718737,1.40382,1.2614,0.316669,1,False,0.334,magnetics,admissible,unmatched,,False,122801,-1.07641e+07,1.73249,0.263094,1.4694,1.35133e-05,5,no_kinetic_state,0.606891,1.82153,806.4,,,-1909.25,159778,161688,,,,313384,2.88203,,98.9918,0.493711,0.0119494,True,True,True,False,False,evaluated,Ip * V_loop is negative on most labelled slices of this shot: a reversed late-discharge loop voltage or an orientation mismatch
VEST,VEST:42944:335,42944,0.335,ohmic,100774,0.159312,,134182,804.491,0.00599552,0.432397,0.327363,0.75709,1.35339,1.21063,0.344771,1,False,0.335,magnetics,admissible,unmatched,,False,111812,-6.64154e+06,1.02467,-0.456584,1.48125,1.46988e-05,5,no_kinetic_state,0.7463,2.06626,804.491,,,15089.1,149271,134182,,,,259873,2.57878,,65.9056,0.395138,0.101085,True,True,True,False,False,evaluated,Ip * V_loop is negative on most labelled slices of this shot: a reversed late-discharge loop voltage or an orientation mismatch
VEST,VEST:42944:336,42944,0.336,ohmic,105371,0.16327,,,836.578,,0.42227,0.317152,0.751064,1.3659,1.2346,0.380599,1,False,0.336,magnetics,admissible,unmatched,,False,104673,3.94554e+07,-0.704748,4.80918,-5.51393,-5.23286e-05,5,no_kinetic_state,0.731523,2.37661,836.578,,,-225479,-581008,-355529,,,,284791,2.70274,,374.443,,,False,True,False,False,False,evaluated,Ip * V_loop is negative on most labelled slices of this shot: a reversed late-discharge loop voltage or an orientation mismatch
VEST,VEST:42944:337,42944,0.337,ohmic,95182.5,0.189265,,659290,353.532,0.000536231,0.364197,0.258988,0.711122,1.69573,1.58442,0.276532,1,True,0.337,magnetics,admissible,unmatched,,False,110400,-2.96906e+07,-0.0741401,-4.27437,4.20023,4.41282e-05,5,no_kinetic_state,0.377037,1.05521,353.532,,,-259501,399789,659290,,,,169098,1.77657,,311.933,0.167268,0.649096,True,True,True,True,True,evaluated,Ip * V_loop is negative on most labelled slices of this shot: a reversed late-discharge loop voltage or an orientation mismatch
VEST,VEST:42944:338,42944,0.338,ohmic,73246.1,0.196274,,77597.4,317.575,0.0040926,0.35129,0.246257,0.701008,1.50714,1.42649,0.256659,1,False,0.338,magnetics,admissible,unmatched,,False,87656.4,-1.69173e+07,-0.488762,-1.05726,0.568502,7.76153e-06,5,no_kinetic_state,0.487244,1.44407,317.575,,,-35956.9,41640.5,77597.4,,,,73715.4,1.00641,,230.965,0.945249,0.863507,True,True,True,False,False,evaluated,Ip * V_loop is negative on most labelled slices of this shot: a reversed late-discharge loop voltage or an orientation mismatch
VEST,VEST:42947:336,42947,0.336,ohmic,153956,0.167896,,,1239.62,,0.410391,0.305323,0.743979,1.55057,1.39871,0.341726,1,False,0.336,magnetics,admissible,unmatched,,False,150129,-3.70526e+07,0.392099,-4.88505,5.27715,3.4277e-05,2,no_kinetic_state,0.524579,2.31943,1239.62,,,,812449,,,,,519196,3.37237,7.45377e+06,240.67,,,False,True,False,False,False,evaluated,
VEST,VEST:42947:338,42947,0.338,ohmic,66904.1,0.215766,,,345.945,,0.320836,0.215836,0.672728,1.56892,1.50697,0.23499,1,False,0.338,magnetics,admissible,unmatched,,False,92667.3,-1.71742e+07,-0.395039,-1.67604,1.28101,1.91469e-05,2,no_kinetic_state,0.388303,1.75233,345.945,,,,85704.5,,,,,373018,5.57541,7.45377e+06,256.698,,,False,True,False,False,False,evaluated,
VEST,VEST:42962:332,42962,0.332,ohmic,128136,0.172379,2.03945e+19,641027,926.221,0.0014449,0.400443,0.295384,0.737643,1.65485,1.46988,0.34996,1,False,0.332,magnetics,good,matched,True,True,152487,-2.81019e+07,3.02322,-0.102111,3.12533,2.43908e-05,5,evaluated,0.408403,1.71747,926.221,946.315,366.689,-240561,400466,641027,,,0.00147625,430424,3.35913,538802,219.314,0.316887,0.600702,True,True,True,False,False,evaluated,
VEST,VEST:42962:333,42962,0.333,ohmic,112688,0.181084,1.5324e+19,302931,685.66,0.00226342,0.381715,0.276699,0.724884,1.48697,1.37375,0.289674,1,True,0.333,magnetics,good,matched,False,False,123763,-8.65499e+06,2.30141,0.619862,1.68155,1.49222e-05,5,no_kinetic_state,0.581199,1.87324,685.66,,150.749,-113441,189490,302931,,,,319312,2.8336,643506,76.805,0.173842,0.598668,True,True,True,True,True,evaluated,
VEST,VEST:42962:334,42962,0.334,ohmic,106864,0.183685,1.76473e+19,375241,699.338,0.0018637,0.376653,0.271621,0.721143,1.4201,1.3234,0.30953,1,True,0.334,magnetics,admissible,matched,False,False,114337,-6.431e+06,1.6245,-1.64893,3.27343,3.06316e-05,5,no_kinetic_state,0.674505,2.21263,699.338,,193.508,-25428.6,349812,375241,,,,325768,3.04843,609448,60.1792,0.112156,0.0726922,True,True,True,True,True,evaluated,
VEST,VEST:42962:335,42962,0.335,ohmic,116591,0.197861,1.65286e+19,581698,634.802,0.00109129,0.350325,0.245237,0.700028,1.54214,1.46234,0.235472,1,True,0.335,magnetics,admissible,matched,False,False,110302,-1.15116e+07,0.255572,-3.21992,3.47549,2.98093e-05,5,no_kinetic_state,0.497985,2.24051,634.802,,142.741,-176488,405210,581698,,,,351422,3.01415,934630,98.7351,0.107749,0.435548,True,True,True,True,True,evaluated,
VEST,VEST:42962:336,42962,0.336,ohmic,69818.3,0.212153,,601689,346.361,0.000575647,0.327202,0.222202,0.679097,1.54926,1.4807,0.236688,1,False,0.336,magnetics,admissible,unmatched,,False,101189,-2.94737e+07,0.707125,-3.77949,4.48661,6.42613e-05,5,no_kinetic_state,0.431637,1.55367,346.361,,,-288441,313248,601689,,,,152922,2.19029,8.3739e+06,422.149,0.243009,0.920809,True,True,True,False,False,evaluated,
VEST,VEST:42963:335,42963,0.335,ohmic,138333,0.157306,1.09698e+19,298637,1241.22,0.00415627,0.438059,0.321707,0.734393,1.43664,1.27786,0.312578,1,False,0.335,magnetics,admissible,matched,False,True,157417,-1.53792e+07,1.15574,-0.542664,1.69841,1.22777e-05,4,evaluated,0.557329,2.15569,1241.22,486.96,258.654,-63692.2,234945,298637,,,0.00163061,373036,2.69666,1.00706e+07,111.176,0.462076,0.271094,True,True,True,False,False,evaluated,
VEST,VEST:42963:336,42963,0.336,ohmic,126552,0.162429,,,1177.52,,0.424958,0.319957,0.752915,1.39501,1.24853,0.343544,1,False,0.336,magnetics,admissible,unmatched,,False,140728,2.95196e+07,0.35783,3.16418,-2.80635,-2.21755e-05,4,no_kinetic_state,0.650035,2.42154,1177.52,,,-320068,-355148,-35080.3,,,,481917,3.80807,1.00706e+07,233.262,,,False,True,False,False,False,evaluated,
VEST,VEST:42963:337,42963,0.337,ohmic,125132,0.188463,,1.41546e+06,601.08,0.000424655,0.366315,0.261141,0.712886,1.73931,1.61542,0.316768,1,False,0.337,magnetics,admissible,unmatched,,False,138661,-6.10641e+07,0.16003,-7.67168,7.83171,6.25874e-05,4,no_kinetic_state,0.348753,1.37912,601.08,,,-435457,980000,1.41546e+06,,,,484560,3.87238,1.00706e+07,487.996,0.20723,0.444344,True,True,True,False,False,evaluated,
VEST,VEST:42963:338,42963,0.338,ohmic,82784,0.211296,,435599,306.609,0.00070388,0.32723,0.222064,0.678617,1.7242,1.65059,0.216732,1,False,0.338,magnetics,admissible,unmatched,,False,102641,-2.8418e+07,-0.765598,-2.47037,1.70477,2.0593e-05,4,no_kinetic_state,0.35504,1.22242,306.609,,,-294471,141128,435599,,,,312507,3.77497,1.00706e+07,343.278,0.241627,2.08656,True,True,False,False,False,evaluated,
VEST,VEST:42980:333,42980,0.333,ohmic,175328,0.162102,,1.60422e+06,1104.03,0.000688207,0.424338,0.319338,0.752555,1.6609,1.45301,0.3282,1,True,0.333,magnetics,admissible,unmatched,,False,179304,-3.56759e+07,2.42786,-3.99118,6.41905,3.66117e-05,3,no_kinetic_state,0.438523,1.54312,1104.03,,,-478777,1.12544e+06,1.60422e+06,,,,792235,4.51859,4.03756e+06,203.481,0.140037,0.425413,True,True,True,True,True,evaluated,
VEST,VEST:42980:334,42980,0.334,ohmic,142980,0.172259,,1.07776e+06,625.257,0.000580144,0.400082,0.29508,0.737549,1.72756,1.54092,0.333875,1,True,0.334,magnetics,admissible,unmatched,,False,156861,-2.24132e+07,1.68591,-2.50338,4.18929,2.92999e-05,3,no_kinetic_state,0.435834,1.07953,625.257,,,-478777,598983,1.07776e+06,,,,626099,4.37894,4.03756e+06,156.758,0.0909422,0.799316,True,True,True,True,True,evaluated,
VEST,VEST:42980:336,42980,0.336,ohmic,82334.5,0.205982,,,296.466,,0.336008,0.231007,0.687506,1.58727,1.51039,0.226893,1,False,0.336,magnetics,admissible,unmatched,,False,106265,-3.94136e+07,0.818894,-4.05856,4.87745,5.92394e-05,3,no_kinetic_state,0.409719,1.16715,296.466,,,,401583,,,,,377564,4.58573,4.03756e+06,478.7,,,False,True,False,False,False,evaluated,
VEST,VEST:42985:335,42985,0.335,ohmic,111994,0.157545,,591186,865.121,0.00146337,0.43858,0.32242,0.735145,1.38229,1.22625,0.341369,1,True,0.335,magnetics,admissible,unmatched,,False,131264,-1.47492e+07,1.31129,-2.36054,3.67183,3.2786e-05,5,no_kinetic_state,0.625329,1.86594,865.121,,,-179962,411223,591186,,,,444833,3.97193,1.02184e+08,131.697,0.19272,0.437627,True,True,True,True,True,evaluated,
VEST,VEST:42985:336,42985,0.336,ohmic,123336,0.174665,,496076,685.159,0.00138116,0.396392,0.291296,0.734868,1.49159,1.36572,0.294701,1,True,0.336,magnetics,admissible,unmatched,,False,116854,-1.57753e+07,0.00279886,-2.65416,2.65696,2.15425e-05,5,no_kinetic_state,0.622308,1.82104,685.159,,,-168379,327697,496076,,,,341007,2.76487,1.02184e+08,127.906,0.176658,0.513824,True,True,True,True,True,evaluated,
VEST,VEST:42985:337,42985,0.337,ohmic,89985.3,0.180181,,120562,528.364,0.0043825,0.384487,0.279485,0.726905,1.44402,1.33,0.312776,1,False,0.337,magnetics,admissible,unmatched,,False,108020,1.35412e+07,0.0523176,0.850197,-0.79788,-8.86677e-06,5,no_kinetic_state,0.601218,1.67518,528.364,,,-192360,-71797.5,120562,,,,191240,2.12523,1.02184e+08,150.483,0.65949,,False,True,False,False,False,evaluated,
VEST,VEST:42985:338,42985,0.338,ohmic,77066.9,0.208121,,517340,300.439,0.000580739,0.333062,0.228061,0.684739,1.58202,1.50847,0.236608,1,False,0.338,magnetics,admissible,unmatched,,False,95931.7,-3.82152e+07,-0.488763,-5.10428,4.61551,5.98897e-05,5,no_kinetic_state,0.410789,1.33781,300.439,,,-161636,355704,517340,,,,172034,2.23227,1.02184e+08,495.87,0.287971,0.454413,True,True,True,False,False,evaluated,
VEST,VEST:42985:339,42985,0.339,ohmic,55969.2,0.237219,,298906,205.091,0.000686138,0.292278,0.187245,0.64064,1.54168,1.50158,0.214317,1,False,0.339,magnetics,admissible,unmatched,,False,75765.9,-4.60089e+07,-0.891635,-4.5286,3.63697,6.49816e-05,5,no_kinetic_state,0.361899,1.61017,205.091,,,-95348.3,203558,298906,,,,98114.1,1.753,1.02184e+08,822.041,0.564033,0.468408,True,True,True,False,False,evaluated,
VEST,VEST:42986:335,42986,0.335,ohmic,113428,0.151669,,423530,963.364,0.00227461,0.455635,0.304591,0.668499,1.35333,1.22324,0.284609,1,False,0.335,magnetics,admissible,unmatched,,False,134294,3.00094e+06,1.35829,0.195179,1.16311,1.02542e-05,3,no_kinetic_state,0.521639,2.0747,963.364,,,-291600,131930,423530,,,,712658,6.28289,1.36346e+10,26.4567,0.0601787,2.21027,True,True,False,True,False,evaluated,
VEST,VEST:42986:336,42986,0.336,ohmic,123114,0.173631,,1.44701e+06,671.764,0.000464242,0.398587,0.293441,0.736203,1.55893,1.40557,0.330645,1,False,0.336,magnetics,admissible,unmatched,,False,126632,-6.06976e+07,0.710481,-8.57889,9.28937,7.54536e-05,3,no_kinetic_state,0.507731,1.58197,671.764,,,-303364,1.14365e+06,1.44701e+06,,,,627825,5.09956,1.36346e+10,493.021,0.228881,0.26526,True,True,True,False,False,evaluated,
VEST,VEST:42986:337,42986,0.337,ohmic,93526.7,0.199026,,771479,356.637,0.000462276,0.348216,0.243087,0.698091,1.62007,1.52187,0.265842,1,True,0.337,magnetics,admissible,unmatched,,False,102318,-3.58488e+07,0.0474212,-4.83195,4.87937,5.21709e-05,3,no_kinetic_state,0.413891,1.3247,356.637,,,-315127,456352,771479,,,,443575,4.74276,1.36346e+10,383.3,0.17719,0.690536,True,True,True,True,True,evaluated,
VEST,VEST:42987:335,42987,0.335,ohmic,141680,0.172851,,352756,726.035,0.00205818,0.399475,0.294474,0.737153,1.61237,1.46729,0.332498,1,False,0.335,magnetics,admissible,unmatched,,False,125939,1.19626e+07,0.0636487,-1.00395,1.0676,7.53532e-06,4,no_kinetic_state,0.564392,1.64084,726.035,,,-201498,151257,352756,,,,371645,2.62314,3.63776e+07,84.4342,0.173781,1.33216,True,True,False,True,False,evaluated,
VEST,VEST:42987:336,42987,0.336,ohmic,96382.9,0.181473,,359812,524.536,0.00145781,0.380898,0.275645,0.72367,1.63188,1.48358,0.320414,1,True,0.336,magnetics,admissible,unmatched,,False,122302,-4.35389e+06,0.773291,-1.18028,1.95357,2.02689e-05,4,no_kinetic_state,0.412695,1.35184,524.536,,,-171521,188291,359812,,,,238896,2.47862,3.63776e+07,45.1728,0.0658532,0.910938,True,True,True,True,True,evaluated,
VEST,VEST:42987:337,42987,0.337,ohmic,79527.6,0.199959,,438035,382.992,0.000874341,0.346492,0.241459,0.696868,1.55818,1.46787,0.279096,1,False,0.337,magnetics,admissible,unmatched,,False,97139.2,-3.55254e+07,0.12114,-3.59921,3.72035,4.67806e-05,4,no_kinetic_state,0.444065,1.57165,382.992,,,-142165,295870,438035,,,,180299,2.26712,3.63776e+07,446.705,0.390573,0.480498,True,True,True,False,False,evaluated,
VEST,VEST:42987:338,42987,0.338,ohmic,57944.7,0.225847,,365454,240.206,0.000657282,0.307177,0.202175,0.65817,1.44831,1.40045,0.205524,1,False,0.338,magnetics,admissible,unmatched,,False,72895.7,-3.71981e+07,-0.395178,-4.23794,3.84276,6.63177e-05,4,no_kinetic_state,0.485866,1.8497,240.206,,,-142786,222667,365454,,,,141781,2.44684,3.63776e+07,641.959,0.421948,0.641253,True,True,True,False,False,evaluated,
VEST,VEST:42988:335,42988,0.335,ohmic,138023,0.169003,,225098,767.501,0.00340964,0.408872,0.303717,0.742818,1.56693,1.40917,0.323739,1,False,0.335,magnetics,admissible,unmatched,,False,131863,2.61714e+07,0.0527374,0.606943,-0.554205,-4.01531e-06,4,no_kinetic_state,0.573079,1.63292,767.501,,,-301591,-76493,225098,,,,457973,3.3181,2.71055e+07,189.616,0.646522,,False,True,False,False,False,evaluated,
VEST,VEST:42988:336,42988,0.336,ohmic,103741,0.183062,,486565,465.911,0.000957551,0.378166,0.272974,0.721836,1.67571,1.52756,0.313539,1,True,0.336,magnetics,admissible,unmatched,,False,127122,-8.42283e+06,0.513521,-2.02712,2.54064,2.44903e-05,4,no_kinetic_state,0.390743,1.13972,465.911,,,-222998,263567,486565,,,,322659,3.11025,2.71055e+07,81.1913,0.0777448,0.846075,True,True,True,True,True,evaluated,
VEST,VEST:42988:337,42988,0.337,ohmic,76236.2,0.202968,,274952,321.506,0.00116932,0.340996,0.235908,0.691823,1.62671,1.53547,0.281406,1,False,0.337,magnetics,admissible,unmatched,,False,100292,-2.16235e+07,0.214304,-1.92829,2.14259,2.81046e-05,4,no_kinetic_state,0.388986,1.27245,321.506,,,-111609,163343,274952,,,,185944,2.43906,2.71055e+07,283.638,0.331663,0.683278,True,True,True,False,False,evaluated,
VEST,VEST:42988:338,42988,0.338,ohmic,53593.6,0.225544,,289836,242.693,0.000837348,0.307168,0.202168,0.658168,1.4987,1.44642,0.227709,1,False,0.338,magnetics,admissible,unmatched,,False,75802.4,-4.13859e+07,-0.257111,-4.19458,3.93746,7.34689e-05,4,no_kinetic_state,0.429507,1.74343,242.693,,,-78812.8,211023,289836,,,,110139,2.05508,2.71055e+07,772.217,0.646614,0.37348,True,True,True,False,False,evaluated,
VEST,VEST:42999:335,42999,0.335,ohmic,109797,0.160622,,911366,885.937,0.000972097,0.428568,0.323566,0.754993,1.47791,1.28792,0.336985,1,True,0.335,magnetics,admissible,unmatched,,False,136275,-2.19452e+07,1.6431,-3.66501,5.30811,4.83447e-05,4,no_kinetic_state,0.508697,1.79409,885.937,,,-328549,582817,911366,,,,431861,3.93326,8.59816e+06,199.87,0.194293,0.563726,True,True,True,True,True,evaluated,
VEST,VEST:42999:336,42999,0.336,ohmic,121162,0.184203,,946374,557.387,0.000588972,0.374961,0.269774,0.719472,1.63766,1.51238,0.305378,1,True,0.336,magnetics,admissible,unmatched,,False,115154,-4.01196e+07,0.382869,-5.02094,5.40381,4.45998e-05,4,no_kinetic_state,0.446416,1.55414,557.387,,,-291637,654737,946374,,,,396333,3.2711,8.59816e+06,331.123,0.195022,0.445425,True,True,True,True,True,evaluated,
VEST,VEST:42999:337,42999,0.337,ohmic,91141,0.198196,,256387,302.663,0.00118049,0.349151,0.244151,0.69927,1.65212,1.55352,0.268512,1,False,0.337,magnetics,admissible,unmatched,,False,99718.1,-1.01427e+07,-0.40469,-1.49278,1.08809,1.19385e-05,4,no_kinetic_state,0.440437,1.12392,302.663,,,-157218,99169.5,256387,,,,189691,2.08129,8.59816e+06,111.285,0.131372,1.58534,True,True,False,True,False,evaluated,
VEST,VEST:42999:338,42999,0.338,ohmic,60848.9,0.222657,,152421,242.952,0.00159396,0.310945,0.205912,0.662214,1.56602,1.50766,0.241911,1,False,0.338,magnetics,admissible,unmatched,,False,78633.5,-1.73601e+07,-0.5906,-2.11419,1.52359,2.50389e-05,4,no_kinetic_state,0.381797,1.56743,242.952,,,-59711.7,92708.9,152421,,,,156518,2.57224,8.59816e+06,285.298,0.454752,0.644077,True,True,True,False,False,evaluated,
VEST,VEST:43002:335,43002,0.335,ohmic,125300,0.164604,,,745.648,,0.419882,0.314881,0.749929,1.46955,1.30817,0.347225,1,False,0.335,magnetics,admissible,unmatched,,False,135092,3.67778e+07,0.318941,5.63707,-5.31812,-4.2443e-05,2,no_kinetic_state,0.609856,1.56641,745.648,,,,-666363,,,,,433478,3.45951,9.52981e+09,293.517,,,False,True,False,False,False,evaluated,
VEST,VEST:43002:337,43002,0.337,ohmic,74119.5,0.204623,,,288.749,,0.338112,0.233074,0.68934,1.62965,1.54443,0.253182,1,False,0.337,magnetics,admissible,unmatched,,False,102595,-3.94341e+07,0.218222,-3.75417,3.97239,5.35944e-05,2,no_kinetic_state,0.378794,1.13456,288.749,,,,294432,,,,,334410,4.51176,9.52981e+09,532.033,,,False,True,False,False,False,evaluated,
