shot,mid TP position[m],upper TP position[m]
39302,0.7,
39303,0.7,
39304,0.7,
39349,0.8,
39350,0.8,
39351,0.8,
39352,0.8,
39353,0.8,
39354,0.8,
39355,0.8,
39356,0.8,
39357,0.8,
39358,0.8,
39359,0.8,
39360,0.8,
39361,0.8,
39362,0.8,
39363,0.8,
39364,0.8,
39365,0.8,
39366,0.8,
39367,0.8,
39368,0.8,
39369,0.8,
39370,0.8,
39371,0.8,
39372,0.8,
39373,0.8,
39374,0.8,
39375,0.8,
39376,0.8,
39377,0.8,
39378,0.8,
39379,0.8,
39380,0.8,
39381,0.8,
39443,0.8,
39444,0.8,
39445,0.8,
39446,0.8,
39447,0.8,
39448,0.8,
39449,0.8,
39450,0.8,
39451,0.8,
39452,0.8,
39453,0.8,
39454,0.8,
39455,0.8,
39456,0.8,
39457,0.8,
39458,0.8,
39459,0.8,
39460,0.8,
39461,0.8,
39462,0.8,
39463,0.8,
39464,0.8,
39465,0.8,
39466,0.8,
39467,0.8,
39468,0.8,
39469,0.8,
39470,0.8,
39471,0.8,
39472,0.8,
39473,0.8,
39474,0.8,
39475,0.8,
39476,0.8,
39477,0.8,
39478,0.8,
39479,0.8,
39480,0.8,
39481,0.8,
39482,0.8,
39483,0.8,
39484,0.8,
39504,0.8,
39505,0.8,
39506,0.7,
39507,0.7,
39508,0.7,
39509,0.7,
39510,0.7,
39511,0.7,
39512,0.7,
39513,0.7,
39514,0.7,
39515,0.7,
39516,0.6,
39517,0.65,
39518,0.65,
39520,0.7,
39521,0.7,
39522,0.7,
39523,0.7,
39524,0.7,
39525,0.7,
39526,0.7,
39527,0.7,
39528,0.7,
39529,0.7,
39530,0.7,
39531,0.7,
39532,0.8,
39533,0.8,
39534,0.8,
39535,0.8,
39536,0.8,
39537,0.8,
39538,0.8,
39539,0.8,
39540,0.8,
39541,0.8,
39542,0.8,
39543,0.8,
39544,0.8,
39545,0.8,
39546,0.8,
39547,0.8,
39548,0.8,
39549,0.8,
39550,0.8,
39551,0.8,
39552,0.8,
39553,0.8,
39554,0.8,
39555,0.8,
39556,0.8,
39557,0.8,
39558,0.8,
39559,0.8,
39560,0.8,
39561,0.8,
39562,0.8,
39563,0.8,
39564,0.8,
39565,0.8,
39566,0.8,
39567,0.8,
39568,0.8,
39569,0.8,
39570,0.8,
39571,0.8,
39572,0.8,
39573,0.8,
39574,0.8,
39575,0.8,
39576,0.8,
39577,0.8,
39578,0.8,
39610,0.7,
39611,0.7,
39612,0.7,
39613,0.7,
39614,0.7,
39615,0.7,
39616,0.7,
39617,0.7,
39618,0.7,
39619,0.7,
39620,0.7,
39621,0.7,
39622,0.8,
39623,0.8,
39624,0.8,
39625,0.8,
39626,0.8,
39627,0.8,
39628,0.8,
39775,0.78,
39776,0.7,
39777,0.7,
39778,0.7,
39779,0.7,
39780,0.7,
39782,0.7,
39783,0.7,
39784,0.7,
39785,0.7,
39786,0.7,
39787,0.7,
39831,0.8,
39832,0.8,
39833,0.8,
39834,0.8,
39835,0.8,
39836,0.8,
39837,0.8,
39838,0.8,
39839,0.8,
39840,0.8,
39841,0.8,
39842,0.8,
39843,0.8,
39844,0.8,
39845,0.8,
39846,0.8,
39847,0.8,
39848,0.8,
39849,0.8,
39850,0.8,
39851,0.8,
39852,0.8,
39860,0.8,
39861,0.8,
39862,0.8,
39863,0.8,
39864,0.8,
39865,0.8,
39866,0.8,
39867,0.8,
39868,0.8,
39869,0.8,
39870,0.8,
39871,0.8,
39872,0.8,
39873,0.8,
39874,0.8,
39875,0.8,
39889,0.7,
39890,0.7,
39891,0.7,
39892,0.7,
39893,0.7,
39894,0.7,
39895,0.7,
39896,0.7,
39897,0.7,
39898,0.7,
39899,0.7,
39900,0.7,
39901,0.7,
39902,0.7,
39903,0.7,
39904,0.7,
39905,0.7,
39906,0.7,
39907,0.7,
39908,0.7,
39909,0.7,
39910,0.7,
39911,0.7,
39912,0.7,
39913,0.7,
39914,0.75,
39915,0.75,
39916,0.75,
39917,0.75,
39918,0.75,
39919,0.75,
39920,0.75,
39921,0.75,
39922,0.75,
39923,0.75,
39924,0.75,
39925,0.75,
39926,0.75,
39927,0.75,
39928,0.75,
39929,0.75,
39930,0.75,
39931,0.75,
39932,0.75,
39933,0.75,
39934,0.75,
39935,0.75,
39936,0.75,
39937,0.75,
39938,0.75,
39939,0.75,
39940,0.75,
39941,0.75,
39942,0.75,
39943,0.75,
39944,0.75,
39945,0.75,
39946,0.75,
39947,0.75,
39948,0.75,
39949,0.75,
39950,0.75,
39951,0.75,
39952,0.75,
39953,0.75,
39954,0.75,
39955,0.75,
39956,0.75,
39957,0.75,
39958,0.75,
39959,0.75,
39960,0.75,
39961,0.75,
39962,0.75,
39963,0.75,
39964,0.75,
39965,0.75,
39966,0.75,
39967,0.75,
39968,0.75,
39969,0.75,
39970,0.75,
39971,0.75,
39972,0.75,
39973,0.75,
39974,0.75,
39975,0.75,
39976,0.75,
39977,0.75,
39978,0.75,
39979,0.75,
39980,0.75,
39981,0.75,
39982,0.75,
39983,0.75,
39984,0.75,
39985,0.75,
39986,0.75,
39987,0.75,
39988,0.75,
39989,0.75,
39990,0.75,
39991,0.75,
39992,0.75,
39993,0.75,
39994,0.75,
39995,0.75,
39996,0.75,
39997,0.75,
39998,0.75,
39999,0.75,
40000,0.75,
40056,0.75,
40057,0.75,
40058,0.75,
40059,0.75,
40060,0.4,
40061,0.75,
40075,0.75,
40076,0.75,
40077,0.75,
40078,0.75,
40079,0.75,
40080,0.75,
40081,0.75,
40082,0.75,
40083,0.75,
40084,0.75,
40085,0.75,
40086,0.75,
40087,0.75,
40088,0.75,
40089,0.75,
40090,0.75,
40091,0.75,
40092,0.75,
40093,0.75,
40094,0.75,
40095,0.75,
40096,0.75,
40097,0.75,
40098,0.75,
40099,0.75,
40100,0.75,
40101,0.75,
40102,0.75,
40103,0.75,
40104,0.75,
40105,0.75,
40106,0.75,
40107,0.75,
40108,0.75,
40109,0.75,
40112,0.75,
40113,0.75,
40114,0.75,
40115,0.75,
40116,0.75,
40117,0.75,
40118,0.75,
40119,0.75,
40123,0.75,
40124,0.75,
40125,0.75,
40126,0.75,
40127,0.75,
40128,0.78,
40129,0.78,
40130,0.78,
40131,0.78,
40132,0.75,
40133,0.75,
40134,0.75,
40135,0.75,
40136,0.75,
40137,0.75,
40138,0.75,
40139,0.75,
40140,0.75,
40172,0.75,
40173,0.75,
40174,0.75,
40175,0.75,
40184,0.75,
40185,0.75,
40262,0.78,
40263,0.78,
40264,0.78,
40265,0.73,
40266,0.68,
40267,0.63,
40268,0.58,
40269,0.53,
40270,0.48,
40271,0.43,
40272,0.38,
40273,0.33,
40274,0.7,
40275,0.75,
40276,0.75,
40277,0.75,
40278,0.75,
40279,0.75,
40280,0.75,
40281,0.75,
40282,0.75,
40283,0.75,
40284,0.75,
40285,0.75,
40286,0.75,
40287,0.75,
40288,0.75,
40289,0.75,
40290,0.75,
40366,0.75,
40367,0.75,
40368,0.75,
40369,0.75,
40370,0.75,
40372,0.75,
40373,0.75,
40374,0.75,
40375,0.75,
40376,0.75,
40377,0.75,
40378,0.75,
40379,0.75,
40380,0.75,
40381,0.75,
40382,0.75,
40383,0.75,
40384,0.75,
40385,0.75,
40386,0.75,
40387,0.75,
40388,0.75,
40389,0.75,
40390,0.7,
40391,0.73,
40392,0.68,
40393,0.65,
40394,0.63,
40395,0.6,
40396,0.58,
40397,0.55,
40398,0.53,
40399,0.5,
40400,0.45,
40401,0.4,
40402,0.35,
40403,0.35,
40404,0.4,
40405,0.45,
40406,0.5,
40407,0.55,
40408,0.6,
40409,0.65,
40410,0.7,
40411,0.75,
40412,0.75,
40413,0.73,
40414,0.7,
40420,0.78,
40421,0.75,
40422,0.73,
40423,0.7,
40424,0.68,
40426,0.65,
40427,0.63,
40428,0.6,
40429,0.58,
40430,0.55,
40431,0.53,
40432,0.5,
40433,0.45,
40434,0.4,
40435,0.35,
40436,0.78,
40437,0.78,
40438,0.75,
40439,0.73,
40440,0.7,
40441,0.68,
40442,0.65,
40443,0.63,
40444,0.6,
40445,0.58,
40446,0.55,
40447,0.53,
40448,0.5,
40449,0.48,
40450,0.45,
40451,0.43,
40452,0.4,
40453,0.38,
40454,0.35,
40455,0.33,
40467,0.7,
40468,0.7,
40469,0.7,
40470,0.7,
40471,0.7,
40472,0.7,
40473,0.7,
40474,0.7,
40475,0.7,
40476,0.7,
40477,0.7,
40478,0.7,
40479,0.7,
40480,0.7,
40481,0.7,
40482,0.7,
40483,0.7,
40484,0.7,
40485,0.7,
40486,0.7,
40487,0.7,
40488,0.7,
40489,0.7,
40490,0.7,
40491,0.7,
40492,0.7,
40493,0.7,
40494,0.7,
40495,0.7,
40533,0.75,
40534,0.75,
40535,0.75,
40536,0.75,
40537,0.75,
40538,0.75,
40539,0.75,
40540,0.75,
40541,0.75,
40542,0.75,
40543,0.75,
40544,0.75,
40545,0.75,
40546,0.75,
40547,0.75,
40548,0.75,
40549,0.75,
40550,0.75,
40551,0.75,
40552,0.75,
40553,0.75,
40568,0.75,
40569,0.75,
40570,0.75,
40571,0.75,
40572,0.75,
40573,0.75,
40574,0.75,
40575,0.75,
40576,0.75,
40577,0.75,
40578,0.75,
40579,0.75,
40580,0.75,
40581,0.75,
40582,0.75,
40583,0.75,
40584,0.75,
40585,0.75,
40586,0.75,
40589,0.75,
40590,0.75,
40591,0.75,
40592,0.75,
40593,0.75,
40594,0.75,
40595,0.75,
40596,0.75,
40597,0.75,
40598,0.75,
40599,0.75,
40600,0.75,
40601,0.75,
40602,0.75,
40603,0.75,
40604,0.75,
40605,0.75,
40606,0.75,
40607,0.75,
40608,0.75,
40677,0.75,
40678,0.75,
40679,0.75,
40680,0.75,
40681,0.75,
40682,0.75,
40683,0.75,
40684,0.75,
40685,0.75,
40686,0.75,
40687,0.75,
40688,0.75,
40689,0.75,
40690,0.75,
40691,0.75,
40692,0.75,
40693,0.75,
40694,0.75,
40695,0.75,
40696,0.75,
40697,0.75,
40698,0.75,
40699,0.75,
40700,0.75,
40701,0.75,
40702,0.75,
40703,0.75,
40704,0.75,
40705,0.75,
40706,0.75,
40707,0.75,
40708,0.75,
40709,0.75,
40710,0.75,
40711,0.75,
40712,0.75,
40713,0.75,
40714,0.75,
40715,0.75,
40716,0.75,
40717,0.75,
40718,0.75,
40719,0.75,
40720,0.75,
40721,0.75,
40722,0.75,
40723,0.75,
40724,0.75,
40725,0.75,
40726,0.75,
40727,0.75,
40730,0.75,
40731,0.75,
40732,0.75,
40733,0.75,
40734,0.75,
40735,0.75,
40736,0.75,
40737,0.75,
40738,0.75,
40739,0.75,
40740,0.75,
40741,0.75,
40742,0.75,
40743,0.75,
40744,0.75,
40745,0.75,
40746,0.75,
40747,0.75,
40748,0.75,
40749,0.75,
40750,0.75,
40751,0.75,
40752,0.75,
40753,0.75,
40754,0.75,
40755,0.75,
40756,0.75,
40757,0.75,
40758,0.75,
40759,0.75,
40760,0.75,
40761,0.75,
40762,0.75,
40763,0.75,
40764,0.75,
40765,0.75,
40766,0.75,
40767,0.75,
40768,0.75,
40769,0.75,
40770,0.75,
40771,0.75,
40772,0.75,
40773,0.75,
40774,0.75,
40775,0.75,
40776,0.75,
40777,0.75,
40778,0.75,
40779,0.75,
40780,0.75,
40781,0.75,
40782,0.75,
40783,0.75,
40784,0.75,
40785,0.75,
40786,0.8,
40787,0.8,
40788,0.8,
40789,0.8,
40790,0.8,
40791,0.8,
40792,0.8,
40793,0.8,
40794,0.8,
40795,0.8,
40796,0.8,
40797,0.8,
40798,0.8,
40799,0.8,
40800,0.8,
40801,0.8,
40802,0.8,
40803,0.8,
40804,0.8,
40810,0.75,
40811,0.75,
40812,0.75,
40813,0.75,
40814,0.75,
40815,0.75,
40816,0.75,
40817,0.75,
40818,0.75,
40819,0.75,
40820,0.75,
40823,0.8,
40824,0.8,
40825,0.8,
40826,0.8,
40827,0.8,
40828,0.8,
40829,0.8,
40830,0.8,
40831,0.8,
40832,0.8,
40833,0.8,
40834,0.8,
40835,0.8,
40836,0.8,
40837,0.8,
40838,0.8,
40839,0.8,
40840,0.8,
40841,0.8,
40843,0.8,
40846,0.75,
40847,0.75,
40848,0.75,
40849,0.75,
40850,0.75,
40851,0.75,
40852,0.75,
40853,0.75,
40854,0.75,
40855,0.75,
40856,0.75,
40857,0.75,
40859,0.75,
40860,0.75,
40861,0.75,
40862,0.75,
40863,0.75,
40864,0.75,
40865,0.75,
40866,0.75,
40867,0.75,
40868,0.75,
40869,0.75,
40870,0.75,
40871,0.75,
40872,0.75,
40873,0.75,
40875,0.75,
40876,0.75,
40877,0.75,
40878,0.75,
40879,0.75,
40880,0.75,
40881,0.75,
40883,0.75,
40885,0.8,
40886,0.8,
40887,0.8,
40888,0.8,
40889,0.8,
40890,0.8,
40891,0.8,
40892,0.8,
40893,0.8,
40894,0.8,
40895,0.8,
40896,0.81,
40897,0.81,
40898,0.82,
40899,0.82,
40900,0.83,
40901,0.84,
40902,0.84,
40903,0.84,
40904,0.84,
40905,0.84,
40906,0.84,
40907,0.84,
40908,0.84,
40909,0.84,
40910,0.84,
40911,0.84,
40912,0.84,
40913,0.84,
40914,0.84,
40915,0.84,
40916,0.84,
40917,0.84,
40918,0.84,
40919,0.84,
40920,0.84,
40921,0.84,
40922,0.84,
40923,0.84,
40924,0.84,
40925,0.84,
40926,0.84,
40939,0.84,
40940,0.84,
40941,0.84,
40942,0.84,
40943,0.84,
40944,0.84,
40945,0.84,
40946,0.84,
40947,0.84,
40948,0.84,
40949,0.84,
40950,0.84,
40951,0.84,
40952,0.84,
40953,0.84,
40954,0.84,
40955,0.84,
40956,0.84,
40957,0.84,
40958,0.84,
40959,0.84,
40960,0.84,
40961,0.84,
40962,0.84,
40963,0.84,
40964,0.84,
40965,0.84,
40966,0.84,
40967,0.84,
40968,0.84,
40969,0.84,
40970,0.84,
40971,0.84,
40972,0.84,
40977,0.78,
40978,0.78,
40979,0.78,
40980,0.78,
40981,0.78,
40982,0.78,
40983,0.78,
40984,0.78,
40985,0.7,
40986,0.48,
40987,0.43,
40988,0.43,
40989,0.43,
40991,0.84,
40992,0.84,
40993,0.84,
40994,0.84,
40995,0.84,
40996,0.84,
40997,0.84,
40998,0.84,
40999,0.84,
41000,0.84,
41001,0.84,
41002,0.84,
41003,0.84,
41004,0.84,
41005,0.84,
41006,0.84,
41007,0.84,
41008,0.84,
41009,0.84,
41010,0.84,
41011,0.84,
41012,0.84,
41013,0.84,
41014,0.84,
41022,0.84,
41023,0.84,
41024,0.84,
41025,0.84,
41026,0.84,
41071,0.7,
41072,0.7,
41073,0.7,
41074,0.7,
41075,0.7,
41076,0.7,
41077,0.7,
41078,0.7,
41079,0.7,
41080,0.7,
41081,0.7,
41082,0.7,
41083,0.7,
41084,0.7,
41085,0.7,
41086,0.7,
41087,0.7,
41088,0.7,
41089,0.7,
41090,0.7,
41091,0.7,
41092,0.7,
41093,0.7,
41094,0.7,
41095,0.7,
41096,0.7,
41097,0.7,
41098,0.7,
41099,0.7,
41100,0.7,
41101,0.7,
41102,0.7,
41103,0.7,
41104,0.7,
41105,0.7,
41106,0.7,
41107,0.7,
41108,0.7,
41109,0.7,
41110,0.7,
41111,0.7,
41112,0.7,
41113,0.7,
41114,0.7,
41115,0.7,
41116,0.7,
41117,0.7,
41118,0.7,
41119,0.7,
41120,0.7,
41121,0.7,
41122,0.7,
41123,0.7,
41124,0.7,
41246,0.7,
41247,0.7,
41248,0.7,
41249,0.7,
41250,0.7,
41251,0.7,
41252,0.7,
41253,0.7,
41254,0.7,
41255,0.7,
41256,0.7,
41257,0.7,
41258,0.7,
41259,0.7,
41260,0.7,
41261,0.7,
41262,0.7,
41263,0.7,
41264,0.7,
41269,0.7,
41272,0.7,
41282,0.7,
41283,0.7,
41284,0.7,
41285,0.7,
42011,0.4,
42012,0.4,
42013,0.4,
42014,0.4,
42015,0.4,
42016,0.4,
42017,0.4,
42018,0.4,
42235,0.45,
42236,0.45,
42237,0.45,
42238,0.5,
42239,0.5,
42240,0.5,
42241,0.5,
42242,0.5,
42243,0.5,
42244,0.5,
42245,0.5,
42246,0.5,
42247,0.5,
42344,0.7,0.55
42345,0.7,0.55
42346,0.7,0.55
42347,0.7,0.55
42348,0.7,0.55
42349,0.7,0.55
42350,0.7,0.55
42351,0.7,0.55
42352,0.7,0.55
42353,0.7,0.55
42354,0.7,0.55
42355,0.7,0.55
42356,0.7,0.55
42357,0.7,0.55
42358,0.7,0.55
42359,0.7,0.55
42360,0.7,0.45
42361,0.7,0.45
42362,0.7,0.45
42363,0.7,0.45
42364,0.7,0.45
42365,0.7,0.45
42477,0.75,0.59
42478,0.75,0.59
42479,0.75,0.59
42480,0.75,0.59
42481,0.75,0.59
42482,0.75,0.59
42483,0.75,0.59
42484,0.75,0.59
42485,0.70,0.58
42486,0.65,0.57
42487,0.60,0.56
42488,0.55,0.55
42489,0.53,0.53
42490,0.51,0.51
42491,0.78,0.45
42492,0.77,0.40
42493,0.76,0.35
42494,0.75,0.30
42495,0.75,0.45
42496,0.75,0.45
42511,0.75,0.6
42512,0.75,0.50
42513,0.75,0.50
42514,0.75,0.50
42515,0.75,0.50
42516,0.75,0.50
42625,0.7,0.45
42626,0.7,0.45
42627,0.7,0.45
42628,0.7,0.45
42629,0.7,0.45
42630,0.7,0.45
42631,0.7,0.45
42632,0.7,0.45
42633,0.7,0.45
42634,0.7,0.45
42635,0.7,0.45
42636,0.7,0.45
42637,0.7,0.45
42638,0.7,0.45
42699,0.79,0.59
42700,0.79,0.59
42701,0.79,0.59
42702,0.79,0.59
42703,0.79,0.59
42704,0.78,0.58
42705,0.77,0.57
42706,0.76,0.56
42707,0.75,0.55
42708,0.70,0.53
42709,0.65,0.51
42710,0.60,0.49
42711,0.55,0.47
42712,0.53,0.45
42713,0.51,0.43
42714,0.49,0.41
42715,0.47,0.39
42716,0.45,0.37
42717,0.40,0.35
42718,0.35,0.33
42749,0.76,
42750,0.8,
42751,0.8,
42752,0.8,
42753,0.8,
42754,0.8,
42755,0.8,
42756,0.8,
42757,0.8,
42758,0.8,
42759,0.8,
42760,0.8,
42761,0.8,
42766,0.55,0.55
42767,0.55,0.55
42768,0.55,0.55
42769,0.50,0.50
42770,0.45,0.45
42771,0.40,0.40
42772,0.40,0.40
42773,0.40,0.40
42774,0.45,0.45
42775,0.5,0.5
42776,0.55,0.55
42777,0.55,0.55
42778,0.55,0.55
42779,0.50,0.50
42780,0.45,0.45
42781,0.40,0.40
42782,0.40,0.40
42783,0.40,0.40
42784,0.45,0.45
42785,0.50,0.50
42786,0.55,0.55
42799,0.55,0.55
42800,0.5,0.5
42801,0.5,0.5
42802,0.5,0.5
42803,0.5,0.5
42804,0.5,0.5
42805,0.5,0.5
42806,0.5,0.5
42807,0.5,0.5
42808,0.5,0.5
42809,0.5,0.5
42810,0.5,0.5
42811,0.5,0.5
42812,0.5,0.5
42813,0.5,0.5
42814,0.5,0.5
42815,0.5,0.5
42816,0.5,0.5
42817,0.5,0.5
42818,0.5,0.5
42819,0.5,0.5
42820,0.5,0.5
42821,0.5,0.5
43046,0.45,0.45
43047,0.45,0.45
43048,0.38,0.38
43049,0.38,0.38
43050,0.38,0.38
43051,0.35,0.35
43052,0.35,0.35
43053,0.35,0.35
43054,0.35,0.35
43055,0.35,0.35
43056,0.35,0.35
43057,0.35,0.35
43058,0.35,0.35
43059,0.35,0.35
43060,0.35,0.35
43061,0.35,0.35
43062,0.35,0.35
43063,0.35,0.35
43064,0.35,0.35
43065,0.35,0.35
43066,0.35,0.35
43067,0.35,0.35
43068,0.35,0.35
43069,0.8,0.55
43070,0.8,0.59
43071,0.8,0.59
43072,0.8,0.59
43073,0.8,0.59
43074,0.8,0.59
43075,0.8,0.59
43076,0.8,0.59
43077,0.8,0.35
43078,0.8,0.35
43079,0.8,0.35
43080,0.8,0.35
43081,0.8,0.35
43082,0.8,0.35
43083,0.8,0.35
43084,0.8,0.35
43085,0.8,0.35
43086,0.8,0.35
43087,0.8,0.35
43169,0.35,0.35
43170,0.35,0.35
43171,0.35,0.35
43172,0.35,0.35
43173,0.35,0.35
43174,0.35,0.35
43175,0.35,0.35
43176,0.35,0.35
43177,0.35,0.35
43178,0.35,0.35
43179,0.35,0.35
43180,0.35,0.35
43181,0.4,0.4
43182,0.4,0.4
43183,0.4,0.4
43184,0.4,0.4
43185,0.4,0.4
43186,0.4,0.4
43187,0.4,0.4
43188,0.4,0.4
43189,0.4,0.4
43190,0.4,0.4
43191,0.4,0.4
43192,0.4,0.4
43193,0.4,0.4
43194,0.4,0.4
43195,0.4,0.4
43196,0.4,0.4
43197,0.4,0.4
43198,0.4,0.4
43199,0.4,0.4
43200,0.4,0.4
43201,0.4,0.4
43202,0.4,0.4
43203,0.4,0.4
43204,0.4,0.4
43205,0.4,0.4
43206,0.4,0.4
43207,0.4,0.4
43209,0.4,0.4
43210,0.4,0.4
43211,0.4,0.4
43212,0.4,0.4
43213,0.4,0.4
43214,0.4,0.4
43215,0.4,0.4
43216,0.4,0.4
43414,,0.35
43415,,0.35
43416,,0.35
43417,,0.35
43418,,0.35
43419,,0.35
43420,,0.35
43421,,0.35
43422,,0.35
43423,,0.35
43424,,0.35
43425,,0.35
43426,,0.35
43427,,0.35
43519,0.8,0.6
43520,0.8,0.6
43521,0.8,0.6
43522,0.8,0.6
43523,0.8,0.6
43524,0.8,0.6
43525,0.8,0.6
43526,0.8,0.6
43527,0.8,0.6
43528,0.75,0.57
43529,0.70,0.54
43530,0.65,0.51
43531,0.6,0.49
43532,0.55,0.45
43533,0.50,0.42
43534,0.45,0.39
43535,0.40,0.36
43536,0.35,0.33
43537,0.30,0.30
43538,0.8,0.6
43539,0.75,0.57
43540,0.75,0.57
43541,0.75,0.57
43542,0.75,0.57
43543,0.70,0.54
43544,0.70,0.54
43545,0.65,0.51
43546,0.60,0.48
43547,0.55,0.45
43548,0.50,0.42
43549,0.45,0.39
43550,0.45,0.39
43551,0.40,0.36
43552,0.35,0.33
43553,0.3,0.3
43554,0.3,0.3
43555,0.3,0.3
43556,0.25,0.28
43659,0.8,0.6
43660,0.8,0.6
43661,0.8,0.6
43662,0.75,0.57
43663,0.70,0.54
43664,0.65,0.51
43665,0.60,0.48
43666,0.60,0.48
43667,0.65,0.51
43668,0.55,0.45
43669,0.55,0.45
43670,0.50,0.42
43671,0.45,0.39
43672,0.40,0.36
43673,0.40,0.36
43674,0.35,0.33
43675,0.35,0.33
43676,0.30,0.30
43677,0.25,0.28
43678,0.6,0.26
43679,0.65,0.24
43680,0.8,0.3
43681,0.8,0.3
43711,0.8,0.6
43712,0.8,0.6
43713,0.8,0.6
43714,0.8,0.57
43715,0.8,0.57
43716,0.8,0.57
43717,0.8,0.57
43718,0.8,0.57
43719,0.8,0.57
43720,0.8,0.57
43721,0.8,0.57
43722,0.8,0.54
43723,0.8,0.54
43724,0.8,0.51
43725,0.8,0.48
43726,0.8,0.45
43727,0.8,0.42
43728,0.8,0.39
43729,0.8,0.36
43730,0.8,0.33
43731,0.8,0.30
43732,0.8,0.27
43733,0.8,0.24
43734,0.8,0.22
43735,0.8,0.36
43736,0.8,0.36
43737,0.8,0.36
43738,0.8,0.36
43739,0.8,0.36
43740,0.8,0.36
43743,0.8,0.6
43744,0.8,0.57
43745,0.8,0.57
43746,0.8,0.54
43747,0.8,0.51
43748,0.8,0.48
43749,0.8,0.45
43750,0.8,0.42
43751,0.8,0.39
43752,0.8,0.36
43753,0.8,0.33
43754,0.8,0.30
43755,0.8,0.27
43756,0.8,0.24
43757,0.8,0.22
43758,0.8,0.6
43829,0.78,
43830,0.78,
43831,0.78,
43832,0.78,
43833,0.78,
43834,0.78,
43835,0.78,
43836,0.78,
43837,0.78,
43838,0.78,
43839,0.78,
43840,0.78,
43841,0.78,
43842,0.78,
43843,0.78,
43844,0.78,
43845,0.78,
43846,0.78,
43847,0.78,
43848,0.78,
43849,0.78,
43850,0.78,
43851,0.78,
43852,0.78,
43853,0.78,
43854,0.78,
43855,0.78,
43856,0.78,
43857,0.78,
43858,0.78,
43859,0.78,
43860,0.78,
43861,0.78,
43862,0.78,
43863,0.78,
43864,0.78,
43865,0.78,
43866,0.78,
43867,0.78,
43868,0.78,
43869,0.78,
43870,0.78,
43871,0.78,
43872,0.78,
43873,0.78,
43874,0.78,
43875,0.78,
43876,0.78,
43877,0.78,
43878,0.78,
43879,0.78,
43880,0.78,
43881,0.78,
43882,0.78,
43883,0.78,
43884,0.78,
43885,0.78,
43891,0.8,0.6
43892,0.8,0.6
43893,0.8,0.6
43894,0.8,0.6
43895,0.8,0.6
43896,0.8,0.6
43897,0.8,0.6
43898,0.8,0.6
43899,0.8,0.6
43900,0.8,0.6
43901,0.8,0.6
43902,0.8,0.6
43903,0.8,0.6
43904,0.8,0.6
43905,0.8,0.6
43906,0.8,0.6
43907,0.8,0.6
43908,0.8,0.6
43909,0.8,0.6
43910,0.8,0.6
43911,0.8,0.6
43912,0.8,0.6
43913,0.8,0.6
43914,0.8,0.6
43915,0.8,0.6
43916,0.8,0.6
43917,0.8,0.6
43918,0.8,0.6
43919,0.8,0.6
43920,0.8,0.6
43921,0.8,0.6
43922,0.8,0.6
43923,0.8,0.6
43924,0.8,0.6
43925,0.8,0.6
43926,0.8,0.6
43927,0.8,0.6
43928,0.8,0.6
43929,0.8,0.6
43930,0.8,0.6
44065,0.8,0.33
44066,0.8,0.33
44067,0.33,
44068,0.33,
44069,0.33,
44070,0.3,
44071,0.27,
44072,0.24,
44073,0.21,
44074,0.21,
44075,0.24,
44076,0.27,
44077,0.3,
44078,0.33,
44108,0.78,
44109,0.78,
44132,0.8,
44133,0.8,
44134,0.8,
44135,0.76,
44136,0.76,
44137,0.76,
44138,0.76,
44139,0.76,
44140,0.76,
44141,0.75,
44142,0.74,
44143,0.73,
44144,0.72,
44145,0.71,
44146,0.7,
44147,0.69,
44148,0.68,
44149,0.67,
44150,0.66,
44151,0.65,
44157,0.76,
44158,0.76,
44159,0.76,
44160,0.76,
44161,0.76,
44162,0.76,
44163,0.76,
44164,0.76,
44165,0.76,
44166,0.76,
44167,0.76,
44168,0.75,
44169,0.75,
44270,0.27,
44271,0.27,
44272,0.27,
44273,0.24,
44274,0.3,
44275,0.27,
44276,0.27,
44277,0.27,
44278,0.27,
44279,0.27,
44280,0.27,
44281,0.27,
44282,0.27,
44283,0.27,
44284,0.27,
44446,0.76,
44447,0.76,
44448,0.76,
44449,0.76,
44450,0.76,
44451,0.76,
44452,0.76,
44453,0.76,
44454,0.76,
44455,0.76,
44456,0.76,
44457,0.76,
44458,0.76,
44459,0.76,
44460,0.76,
44461,0.76,
44462,0.76,
44463,0.76,
45049,0.57,
45050,0.54,
45051,0.51,
45052,0.48,
45053,0.45,
45054,0.42,
45055,0.39,
45056,0.39,
45057,0.39,
45058,0.39,
45059,0.39,
45060,0.36,
45061,0.33,
45062,0.3,
45063,0.27,
45064,0.27,
45065,0.3,
45066,0.3,
45067,0.3,
45068,0.24,
45069,0.22,
45070,0.22,
45071,0.6,
45072,0.6,
45073,0.6,
45074,0.6,
45075,0.6,
45076,0.6,
45242,0.8,0.45
45243,0.8,0.4
46171,0.7,
46172,0.7,
46173,0.7,
46174,0.7,
46175,0.7,
46176,0.7,
46177,0.7,
46178,0.7,
46179,0.7,
46303,0.75,0.55
46304,0.70,0.50
46305,0.65,0.45
46306,0.60,0.45
46307,0.55,0.40
46308,0.50,0.35
46309,0.45,0.30
46310,0.40,0.25
46311,0.35,0.25
46312,0.30,0.25
46313,0.30,0.25
46314,0.30,0.25
46315,0.30,0.25
46316,0.30,0.25
47162,0.76,
47163,0.76,
47164,0.76,
47165,0.76,
47166,0.76,
47167,0.76,
47168,0.76,
47169,0.76,
47170,0.76,
47171,0.76,
47172,0.76,
47255,0.75,
47256,0.25,0.75
47257,0.3,0.75
47258,0.3,0.75
47259,0.3,0.75
47260,0.3,0.75
47261,0.3,0.75
47262,0.3,0.75
47263,0.3,0.75
47264,0.3,0.75
47265,0.3,0.75
47266,0.3,0.75
47267,0.3,0.75
